,winner,loser,who_won,score
0,A. j. Pierzynski,Braden Looper,batter,3
1,A. j. Pierzynski,Jeff Niemann,batter,3
2,A. j. Pierzynski,Ryan Dempster,batter,6
3,A. j. Pierzynski,Victor Marte,batter,2
4,Aaron Hill,Carl Pavano,batter,2
5,Aaron Hill,Michael Bowden,batter,12
6,Aaron Rowand,Jeff Samardzija,batter,6
7,Aaron Rowand,Jorge De La Rosa,batter,3
8,Adam Dunn,Braden Looper,batter,2
9,Adam Dunn,Dan Haren,batter,3
10,Adam Dunn,John Smoltz,batter,2
11,Adam Dunn,Koji Uehara,batter,3
12,Adam Dunn,Nick Masset,batter,5
13,Adam Everett,Jose Arredondo,batter,3
14,Adam Jones,David Aardsma,batter,3
15,Adam Jones,Hideki Okajima,batter,3
16,Adam Kennedy,John Smoltz,batter,3
17,Adam Laroche,Braden Looper,batter,8
18,Adam Laroche,Jose Valverde,batter,12
19,Adam Laroche,Ricky Nolasco,batter,12
20,Adam Moore,Brandon League,batter,1
21,Adam Rosales,Manny Parra,batter,6
22,Adrian Beltre,Koji Uehara,batter,3
23,Adrian Gonzalez,Braden Looper,batter,9
24,Adrian Gonzalez,Brandon Morrow,batter,3
25,Adrian Gonzalez,Dan Haren,batter,3
26,Adrian Gonzalez,Hiroki Kuroda,batter,2
27,Adrian Gonzalez,Ryan Dempster,batter,24
28,Akinori Iwamura,Koji Uehara,batter,3
29,Albert Pujols,Carlos Zambrano,batter,14
30,Albert Pujols,Luis Vizcaino,batter,3
31,Albert Pujols,Randy Johnson,batter,12
32,Albert Pujols,Ricky Nolasco,batter,6
33,Albert Pujols,Tim Hudson,batter,3
34,Alberto Callaspo,Carl Pavano,batter,9
35,Alberto Callaspo,Koji Uehara,batter,3
36,Alberto Callaspo,Vicente Padilla,batter,3
37,Alberto Gonzalez,Jorge De La Rosa,batter,3
38,Alex Avila,Jonathan Papelbon,batter,6
39,Alex Cora,Dan Haren,batter,3
40,Alex Cora,Koji Uehara,batter,3
41,Alex Rios,Victor Marte,batter,3
42,Alex Rodriguez,Brad Penny,batter,3
43,Alex Rodriguez,Frank Francisco,batter,2
44,Alex Rodriguez,Koji Uehara,batter,3
45,Alex Romero,Joel Peralta,batter,6
46,Alex Romero,Wilton Lopez,batter,12
47,Alexei Ramírez,David Aardsma,batter,12
48,Alfredo Aceves,Jim Thome,pitcher,1
49,Alfredo Simon,Derek Jeter,pitcher,7
50,Alfredo Simon,Hank Blalock,pitcher,1
51,Alfredo Simon,Johnny Damon,pitcher,2
52,Alfredo Simon,Jose Molina,pitcher,6
53,Alfredo Simon,Josh Hamilton,pitcher,1
54,Alfredo Simon,Nick Swisher,pitcher,1
55,Alfredo Simon,Robinson Cano,pitcher,1
56,Anderson Hernandez,Anibal Sanchez,batter,6
57,Anderson Hernandez,Ryan Dempster,batter,3
58,Andre Ethier,Brad Penny,batter,3
59,Andre Ethier,Braden Looper,batter,12
60,Andre Ethier,Dan Haren,batter,3
61,Andre Ethier,Joel Peralta,batter,12
62,Andres Torres,Dan Haren,batter,3
63,Andres Torres,Jorge De La Rosa,batter,6
64,Andrew Mccutchen,Braden Looper,batter,2
65,Andrew Mccutchen,Carlos Zambrano,batter,6
66,Andrew Mccutchen,J.J. Putz,batter,3
67,Andrew Mccutchen,Manny Parra,batter,6
68,Andrew Mccutchen,Ryan Dempster,batter,3
69,Andy Laroche,Hiroki Kuroda,batter,3
70,Andy Laroche,Manny Parra,batter,8
71,Angel Pagan,Anibal Sanchez,batter,2
72,Angel Pagan,Jorge De La Rosa,batter,3
73,Angel Pagan,Ricky Nolasco,batter,3
74,Angel Pagan,Wilton Lopez,batter,9
75,Anibal Sanchez,Adam Dunn,pitcher,1
76,Anibal Sanchez,Adam Laroche,pitcher,12
77,Anibal Sanchez,Alfonso Soriano,pitcher,6
78,Anibal Sanchez,Brian Mccann,pitcher,6
79,Anibal Sanchez,Carlos Beltran,pitcher,1
80,Anibal Sanchez,Carlos Delgado,pitcher,6
81,Anibal Sanchez,Chase Utley,pitcher,1
82,Anibal Sanchez,Chipper Jones,pitcher,6
83,Anibal Sanchez,Cory Sullivan,pitcher,1
84,Anibal Sanchez,Daniel Murphy,pitcher,6
85,Anibal Sanchez,David Ross,pitcher,2
86,Anibal Sanchez,David Wright,pitcher,6
87,Anibal Sanchez,Derrek Lee,pitcher,6
88,Anibal Sanchez,Fernando Tatis,pitcher,1
89,Anibal Sanchez,Garret Anderson,pitcher,1
90,Anibal Sanchez,Gary Sheffield,pitcher,1
91,Anibal Sanchez,Jack Wilson,pitcher,1
92,Anibal Sanchez,Jair Jurrjens,pitcher,6
93,Anibal Sanchez,Jamie Moyer,pitcher,1
94,Anibal Sanchez,Jesus Flores,pitcher,1
95,Anibal Sanchez,Joey Votto,pitcher,1
96,Anibal Sanchez,Jordan Schafer,pitcher,1
97,Anibal Sanchez,Josh Willingham,pitcher,7
98,Anibal Sanchez,Justin Maxwell,pitcher,1
99,Anibal Sanchez,Kelly Johnson,pitcher,2
100,Anibal Sanchez,Luis Castillo,pitcher,1
101,Anibal Sanchez,Martin Prado,pitcher,1
102,Anibal Sanchez,Mat Gamel,pitcher,6
103,Anibal Sanchez,Matt Diaz,pitcher,7
104,Anibal Sanchez,Micah Hoffpauir,pitcher,1
105,Anibal Sanchez,Nate Mclouth,pitcher,1
106,Anibal Sanchez,Omar Infante,pitcher,8
107,Anibal Sanchez,Omir Santos,pitcher,2
108,Anibal Sanchez,Prince Fielder,pitcher,1
109,Anibal Sanchez,Ryan Church,pitcher,3
110,Anibal Sanchez,Ryan Zimmerman,pitcher,9
111,Anibal Sanchez,Shane Victorino,pitcher,8
112,Anibal Sanchez,Tim Redding,pitcher,1
113,Anibal Sanchez,Willie Harris,pitcher,1
114,Anibal Sanchez,Yunel Escobar,pitcher,12
115,Asdrubal Cabrera,Brandon League,batter,3
116,Asdrubal Cabrera,Victor Marte,batter,6
117,Aubrey Huff,Chien-Ming Wang,batter,6
118,Augie Ojeda,Carlos Zambrano,batter,3
119,Augie Ojeda,Edward Mujica,batter,6
120,B. j. Upton,Brandon League,batter,1
121,B. j. Upton,Koji Uehara,batter,6
122,B. j. Upton,Luis Vizcaino,batter,12
123,Ben Zobrist,Frank Francisco,batter,3
124,Ben Zobrist,Hideki Okajima,batter,3
125,Ben Zobrist,Kevin Millwood,batter,2
126,Bengie Molina,Jorge De La Rosa,batter,2
127,Bengie Molina,Manny Parra,batter,6
128,Billy Butler,Carl Pavano,batter,3
129,Bobby Abreu,Brad Penny,batter,3
130,Bobby Abreu,Jose Contreras,batter,3
131,Bobby Abreu,Koji Uehara,batter,3
132,Bobby Crosby,Randy Johnson,batter,2
133,Bobby Parnell,Adam Laroche,pitcher,1
134,Bobby Parnell,Casey Kotchman,pitcher,1
135,Bobby Parnell,Derrek Lee,pitcher,2
136,Bobby Parnell,Everth Cabrera,pitcher,1
137,Bobby Parnell,Greg Norton,pitcher,1
138,Bobby Parnell,Mike Cameron,pitcher,1
139,Bobby Parnell,Raul Ibanez,pitcher,1
140,Bobby Parnell,Shane Victorino,pitcher,4
141,Bobby Parnell,Skip Schumaker,pitcher,1
142,Bobby Parnell,Willy Taveras,pitcher,2
143,Bobby Scales,Braden Looper,batter,3
144,Bobby Scales,Nelson Figueroa,batter,6
145,Brad Hawpe,Braden Looper,batter,3
146,Brad Hawpe,Dan Haren,batter,3
147,Brad Hawpe,Edward Mujica,batter,15
148,Brad Penny,Adam Lind,pitcher,1
149,Brad Penny,Adrian Gonzalez,pitcher,2
150,Brad Penny,Akinori Iwamura,pitcher,7
151,Brad Penny,Alberto Callaspo,pitcher,1
152,Brad Penny,Alex Romero,pitcher,2
153,Brad Penny,Andre Ethier,pitcher,2
154,Brad Penny,B. j. Upton,pitcher,1
155,Brad Penny,Ben Zobrist,pitcher,1
156,Brad Penny,Bobby Abreu,pitcher,1
157,Brad Penny,Brandon Inge,pitcher,6
158,Brad Penny,Brian Buscher,pitcher,2
159,Brad Penny,Carlos Pena,pitcher,1
160,Brad Penny,Carlos Ruiz,pitcher,2
161,Brad Penny,Cesar Izturis,pitcher,1
162,Brad Penny,Chase Utley,pitcher,3
163,Brad Penny,David Dejesus,pitcher,1
164,Brad Penny,Derek Jeter,pitcher,1
165,Brad Penny,Elvis Andrus,pitcher,1
166,Brad Penny,Emilio Bonifacio,pitcher,1
167,Brad Penny,Eric Byrnes,pitcher,1
168,Brad Penny,Erick Aybar,pitcher,1
169,Brad Penny,Gerardo Parra,pitcher,3
170,Brad Penny,Hank Blalock,pitcher,7
171,Brad Penny,Hideki Matsui,pitcher,6
172,Brad Penny,Jeremy Hermida,pitcher,6
173,Brad Penny,John Baker,pitcher,1
174,Brad Penny,Juan Pierre,pitcher,1
175,Brad Penny,Juan Rivera,pitcher,1
176,Brad Penny,Justin Upton,pitcher,6
177,Brad Penny,Kelly Johnson,pitcher,3
178,Brad Penny,Ken Griffey,pitcher,1
179,Brad Penny,Koyie Hill,pitcher,1
180,Brad Penny,Luke Scott,pitcher,1
181,Brad Penny,Lyle Overbay,pitcher,13
182,Brad Penny,Magglio Ordonez,pitcher,1
183,Brad Penny,Manny Ramirez,pitcher,6
184,Brad Penny,Marco Scutaro,pitcher,1
185,Brad Penny,Marlon Byrd,pitcher,2
186,Brad Penny,Matt Kemp,pitcher,2
187,Brad Penny,Michael Young,pitcher,1
188,Brad Penny,Miguel Montero,pitcher,1
189,Brad Penny,Mike Fontenot,pitcher,1
190,Brad Penny,Mike Napoli,pitcher,1
191,Brad Penny,Nick Johnson,pitcher,2
192,Brad Penny,Nick Punto,pitcher,1
193,Brad Penny,Nick Swisher,pitcher,6
194,Brad Penny,Pat Burrell,pitcher,6
195,Brad Penny,Pedro Feliz,pitcher,1
196,Brad Penny,Placido Polanco,pitcher,1
197,Brad Penny,Rafael Furcal,pitcher,1
198,Brad Penny,Raul Ibanez,pitcher,2
199,Brad Penny,Robinson Cano,pitcher,1
200,Brad Penny,Ross Gload,pitcher,1
201,Brad Penny,Ryan Roberts,pitcher,3
202,Brad Penny,Taylor Teagarden,pitcher,6
203,Brad Penny,Torii Hunter,pitcher,1
204,Brad Penny,Travis Snider,pitcher,1
205,Braden Looper,A. j. Pierzynski,pitcher,1
206,Braden Looper,Adam Laroche,pitcher,6
207,Braden Looper,Adrian Gonzalez,pitcher,1
208,Braden Looper,Albert Pujols,pitcher,2
209,Braden Looper,Alex Gonzalez,pitcher,12
210,Braden Looper,Alexei Ramírez,pitcher,1
211,Braden Looper,Alfonso Soriano,pitcher,6
212,Braden Looper,Alfredo Amezaga,pitcher,1
213,Braden Looper,Andre Ethier,pitcher,2
214,Braden Looper,Argenis Reyes,pitcher,3
215,Braden Looper,Augie Ojeda,pitcher,1
216,Braden Looper,Brad Hawpe,pitcher,12
217,Braden Looper,Brandon Allen,pitcher,1
218,Braden Looper,Brandon Inge,pitcher,6
219,Braden Looper,Brandon Moss,pitcher,1
220,Braden Looper,Brendan Harris,pitcher,2
221,Braden Looper,Brian Barden,pitcher,1
222,Braden Looper,Brian Bixler,pitcher,6
223,Braden Looper,Brian Buscher,pitcher,3
224,Braden Looper,Brian Schneider,pitcher,6
225,Braden Looper,Carlos Gomez,pitcher,3
226,Braden Looper,Carlos Gonzalez,pitcher,1
227,Braden Looper,Casey Blake,pitcher,1
228,Braden Looper,Chase Headley,pitcher,1
229,Braden Looper,Chase Utley,pitcher,3
230,Braden Looper,Chris Coghlan,pitcher,9
231,Braden Looper,Chris Duncan,pitcher,1
232,Braden Looper,Chris Getz,pitcher,1
233,Braden Looper,Chris Iannetta,pitcher,6
234,Braden Looper,Clayton Richard,pitcher,7
235,Braden Looper,Clint Barmes,pitcher,1
236,Braden Looper,Conor Jackson,pitcher,6
237,Braden Looper,Craig Monroe,pitcher,6
238,Braden Looper,Cristian Guzman,pitcher,1
239,Braden Looper,Curtis Granderson,pitcher,1
240,Braden Looper,Dan Haren,pitcher,7
241,Braden Looper,Dan Uggla,pitcher,2
242,Braden Looper,David Eckstein,pitcher,1
243,Braden Looper,David Wright,pitcher,6
244,Braden Looper,Delwyn Young,pitcher,1
245,Braden Looper,Derrek Lee,pitcher,6
246,Braden Looper,Dewayne Wise,pitcher,1
247,Braden Looper,Dexter Fowler,pitcher,1
248,Braden Looper,Don Kelly,pitcher,1
249,Braden Looper,Drew Stubbs,pitcher,12
250,Braden Looper,Edgar Renteria,pitcher,1
251,Braden Looper,Emilio Bonifacio,pitcher,1
252,Braden Looper,Eric Hinske,pitcher,6
253,Braden Looper,Eugenio Velez,pitcher,2
254,Braden Looper,Felipe Lopez,pitcher,2
255,Braden Looper,Freddy Sanchez,pitcher,1
256,Braden Looper,Garret Anderson,pitcher,1
257,Braden Looper,Garrett Jones,pitcher,2
258,Braden Looper,Gary Sheffield,pitcher,2
259,Braden Looper,Gerardo Parra,pitcher,2
260,Braden Looper,Gordon Beckham,pitcher,1
261,Braden Looper,Homer Bailey,pitcher,6
262,Braden Looper,Ivan Rodriguez,pitcher,1
263,Braden Looper,J. d. Martin,pitcher,6
264,Braden Looper,James Loney,pitcher,4
265,Braden Looper,James Mcdonald,pitcher,6
266,Braden Looper,Jamie Moyer,pitcher,1
267,Braden Looper,Jason Hammel,pitcher,6
268,Braden Looper,Jason Jaramillo,pitcher,3
269,Braden Looper,Jason Kubel,pitcher,7
270,Braden Looper,Jay Bruce,pitcher,9
271,Braden Looper,Jayson Werth,pitcher,1
272,Braden Looper,Jeff Karstens,pitcher,12
273,Braden Looper,Jeremy Hermida,pitcher,7
274,Braden Looper,Jerry Hairston,pitcher,6
275,Braden Looper,Jimmy Rollins,pitcher,2
276,Braden Looper,Joe Mauer,pitcher,6
277,Braden Looper,Joe Thurston,pitcher,1
278,Braden Looper,Joey Votto,pitcher,10
279,Braden Looper,John Baker,pitcher,1
280,Braden Looper,Jonny Gomes,pitcher,12
281,Braden Looper,Jorge Cantu,pitcher,1
282,Braden Looper,Josh Anderson,pitcher,1
283,Braden Looper,Josh Willingham,pitcher,12
284,Braden Looper,Justin Morneau,pitcher,1
285,Braden Looper,Justin Upton,pitcher,1
286,Braden Looper,Kazuo Matsui,pitcher,1
287,Braden Looper,Kelly Johnson,pitcher,6
288,Braden Looper,Kosuke Fukudome,pitcher,3
289,Braden Looper,Kyle Blanks,pitcher,6
290,Braden Looper,Lance Berkman,pitcher,1
291,Braden Looper,Laynce Nix,pitcher,8
292,Braden Looper,Manny Ramirez,pitcher,6
293,Braden Looper,Mark Buehrle,pitcher,1
294,Braden Looper,Mark Reynolds,pitcher,2
295,Braden Looper,Martin Prado,pitcher,1
296,Braden Looper,Matt Kemp,pitcher,1
297,Braden Looper,Matt Tolbert,pitcher,4
298,Braden Looper,Micah Hoffpauir,pitcher,4
299,Braden Looper,Micah Owings,pitcher,12
300,Braden Looper,Michael Bourn,pitcher,1
301,Braden Looper,Miguel Cabrera,pitcher,6
302,Braden Looper,Miguel Montero,pitcher,1
303,Braden Looper,Mike Fontenot,pitcher,6
304,Braden Looper,Nate Mclouth,pitcher,6
305,Braden Looper,Nick Blackburn,pitcher,7
306,Braden Looper,Nick Evans,pitcher,1
307,Braden Looper,Nyjer Morgan,pitcher,1
308,Braden Looper,Orlando Hudson,pitcher,7
309,Braden Looper,Paul Konerko,pitcher,1
310,Braden Looper,Pedro Feliz,pitcher,1
311,Braden Looper,Rafael Furcal,pitcher,2
312,Braden Looper,Ramon Vazquez,pitcher,1
313,Braden Looper,Raul Ibanez,pitcher,2
314,Braden Looper,Rich Harden,pitcher,6
315,Braden Looper,Ricky Nolasco,pitcher,6
316,Braden Looper,Ross Gload,pitcher,6
317,Braden Looper,Ryan Doumit,pitcher,1
318,Braden Looper,Ryan Hanigan,pitcher,1
319,Braden Looper,Ryan Theriot,pitcher,1
320,Braden Looper,Ryan Zimmerman,pitcher,1
321,Braden Looper,Sean West,pitcher,6
322,Braden Looper,Skip Schumaker,pitcher,2
323,Braden Looper,Stephen Drew,pitcher,7
324,Braden Looper,Todd Helton,pitcher,7
325,Braden Looper,Troy Glaus,pitcher,7
326,Braden Looper,Troy Tulowitzki,pitcher,1
327,Braden Looper,Virgil Vasquez,pitcher,1
328,Braden Looper,Will Venable,pitcher,13
329,Braden Looper,Wladimir Balentien,pitcher,1
330,Braden Looper,Yadier Molina,pitcher,6
331,Brandon Allen,Brad Penny,batter,2
332,Brandon Allen,Edward Mujica,batter,3
333,Brandon Allen,Wilton Lopez,batter,6
334,Brandon Inge,Jose Contreras,batter,1
335,Brandon Inge,Kelvim Escobar,batter,2
336,Brandon Jones,J.J. Putz,batter,3
337,Brandon League,Adam Jones,pitcher,14
338,Brandon League,Alberto Callaspo,pitcher,6
339,Brandon League,Alberto Gonzalez,pitcher,6
340,Brandon League,Alex Rodriguez,pitcher,24
341,Brandon League,Ben Zobrist,pitcher,6
342,Brandon League,Brandon Phillips,pitcher,1
343,Brandon League,Brett Gardner,pitcher,6
344,Brandon League,Brian Roberts,pitcher,12
345,Brandon League,Carl Crawford,pitcher,12
346,Brandon League,Carlos Guillen,pitcher,6
347,Brandon League,Cesar Izturis,pitcher,1
348,Brandon League,Chris Coghlan,pitcher,6
349,Brandon League,Chris Gimenez,pitcher,6
350,Brandon League,Clete Thomas,pitcher,1
351,Brandon League,David Ortiz,pitcher,1
352,Brandon League,Dioner Navarro,pitcher,7
353,Brandon League,Eric Hinske,pitcher,6
354,Brandon League,Evan Longoria,pitcher,7
355,Brandon League,Francisco Cervelli,pitcher,6
356,Brandon League,Gabe Gross,pitcher,18
357,Brandon League,Gabe Kapler,pitcher,12
358,Brandon League,Grady Sizemore,pitcher,2
359,Brandon League,Gregg Zaun,pitcher,6
360,Brandon League,Hideki Matsui,pitcher,1
361,Brandon League,Jack Hannahan,pitcher,1
362,Brandon League,Jarrod Saltalamacchia,pitcher,6
363,Brandon League,Jason Bartlett,pitcher,12
364,Brandon League,Jason Bay,pitcher,13
365,Brandon League,Jayson Werth,pitcher,12
366,Brandon League,Jeff Fiorentino,pitcher,6
367,Brandon League,Jeff Francoeur,pitcher,6
368,Brandon League,Jerry Hairston,pitcher,6
369,Brandon League,Joey Votto,pitcher,1
370,Brandon League,John Mayberry,pitcher,12
371,Brandon League,Johnny Damon,pitcher,6
372,Brandon League,Jorge Cantu,pitcher,6
373,Brandon League,Jorge Posada,pitcher,6
374,Brandon League,Jose Guillen,pitcher,1
375,Brandon League,Kevin Youkilis,pitcher,6
376,Brandon League,Luis Valbuena,pitcher,6
377,Brandon League,Luke Scott,pitcher,6
378,Brandon League,Mark Teahen,pitcher,6
379,Brandon League,Mark Teixeira,pitcher,12
380,Brandon League,Matt Stairs,pitcher,1
381,Brandon League,Matt Tuiasosopo,pitcher,6
382,Brandon League,Matt Wieters,pitcher,1
383,Brandon League,Michael Young,pitcher,6
384,Brandon League,Mike Aviles,pitcher,6
385,Brandon League,Mike Jacobs,pitcher,6
386,Brandon League,Mike Lowell,pitcher,18
387,Brandon League,Nelson Cruz,pitcher,6
388,Brandon League,Nick Swisher,pitcher,7
389,Brandon League,Oscar Salazar,pitcher,6
390,Brandon League,Pedro Feliz,pitcher,6
391,Brandon League,Placido Polanco,pitcher,6
392,Brandon League,Ramiro Pena,pitcher,6
393,Brandon League,Rocco Baldelli,pitcher,6
394,Brandon League,Ryan Howard,pitcher,6
395,Brandon League,Ryan Sweeney,pitcher,2
396,Brandon League,Vladimir Guerrero,pitcher,6
397,Brandon League,Wes Helms,pitcher,6
398,Brandon League,Willie Harris,pitcher,6
399,Brandon Morrow,A. j. Pierzynski,pitcher,1
400,Brandon Morrow,Akinori Iwamura,pitcher,1
401,Brandon Morrow,Cliff Pennington,pitcher,1
402,Brandon Morrow,Daric Barton,pitcher,1
403,Brandon Morrow,David Murphy,pitcher,2
404,Brandon Morrow,Derek Jeter,pitcher,1
405,Brandon Morrow,Dioner Navarro,pitcher,1
406,Brandon Morrow,Hank Blalock,pitcher,1
407,Brandon Morrow,Ian Stewart,pitcher,1
408,Brandon Morrow,Jack Cust,pitcher,6
409,Brandon Morrow,Jarrod Saltalamacchia,pitcher,1
410,Brandon Morrow,Jason Bartlett,pitcher,1
411,Brandon Morrow,Kevin Youkilis,pitcher,1
412,Brandon Morrow,Luke Scott,pitcher,1
413,Brandon Morrow,Mark Ellis,pitcher,1
414,Brandon Morrow,Mark Kotsay,pitcher,1
415,Brandon Morrow,Mark Teixeira,pitcher,3
416,Brandon Morrow,Matt Wieters,pitcher,1
417,Brandon Morrow,Melky Cabrera,pitcher,2
418,Brandon Morrow,Travis Buck,pitcher,1
419,Brandon Morrow,Will Venable,pitcher,1
420,Brandon Morrow,Willy Aybar,pitcher,1
421,Brandon Moss,Kevin Gregg,batter,2
422,Brandon Wood,Kevin Millwood,batter,3
423,Brendan Donnelly,Alfonso Soriano,pitcher,6
424,Brendan Donnelly,Andres Torres,pitcher,6
425,Brendan Donnelly,Brad Hawpe,pitcher,6
426,Brendan Donnelly,Carlos Ruiz,pitcher,2
427,Brendan Donnelly,Chase Headley,pitcher,6
428,Brendan Donnelly,Chris Young,pitcher,1
429,Brendan Donnelly,Felipe Lopez,pitcher,1
430,Brendan Donnelly,Hunter Pence,pitcher,6
431,Brendan Donnelly,Ian Stewart,pitcher,6
432,Brendan Donnelly,Jayson Werth,pitcher,7
433,Brendan Donnelly,Kevin Frandsen,pitcher,1
434,Brendan Donnelly,Kevin Kouzmanoff,pitcher,1
435,Brendan Donnelly,Luis Castillo,pitcher,1
436,Brendan Donnelly,Luis Rodriguez,pitcher,1
437,Brendan Donnelly,Mark Reynolds,pitcher,1
438,Brendan Donnelly,Matt Diaz,pitcher,6
439,Brendan Donnelly,Matt Kata,pitcher,1
440,Brendan Donnelly,Nate Mclouth,pitcher,6
441,Brendan Donnelly,Scott Rolen,pitcher,1
442,Brendan Donnelly,Yunel Escobar,pitcher,1
443,Brendan Ryan,Dan Haren,batter,3
444,Brendan Ryan,Jorge De La Rosa,batter,6
445,Brendan Ryan,Manny Parra,batter,9
446,Brendan Ryan,Randy Johnson,batter,2
447,Brett Carroll,Randy Johnson,batter,9
448,Brett Gardner,Alfredo Simon,batter,3
449,Brian Anderson,Braden Looper,batter,1
450,Brian Anderson,Jose Arredondo,batter,3
451,Brian Buscher,David Aardsma,batter,3
452,Brian Mccann,Braden Looper,batter,8
453,Brian Mccann,Carlos Zambrano,batter,3
454,Brian Mccann,Mike Pelfrey,batter,12
455,Brian Mccann,Nelson Figueroa,batter,12
456,Brian Mccann,Ricky Nolasco,batter,15
457,Brian Mccann,Wilton Lopez,batter,3
458,Brian Roberts,John Smoltz,batter,3
459,Brian Roberts,Vicente Padilla,batter,3
460,Brian Schneider,Braden Looper,batter,2
461,Brian Schneider,Nick Masset,batter,3
462,Brian Schneider,Tim Hudson,batter,6
463,Bronson Arroyo,Lance Berkman,pitcher,1
464,Bud Norris,Ricky Nolasco,batter,1
465,Burke Badenhop,Adam Dunn,pitcher,1
466,Burke Badenhop,Adam Laroche,pitcher,1
467,Burke Badenhop,Andres Blanco,pitcher,2
468,Burke Badenhop,Chase Utley,pitcher,6
469,Burke Badenhop,Chipper Jones,pitcher,1
470,Burke Badenhop,George Kottaras,pitcher,1
471,Burke Badenhop,Greg Dobbs,pitcher,1
472,Burke Badenhop,J. a. Happ,pitcher,6
473,Burke Badenhop,J. d. Drew,pitcher,2
474,Burke Badenhop,Jayson Werth,pitcher,1
475,Burke Badenhop,Jeremy Reed,pitcher,6
476,Burke Badenhop,Jimmy Rollins,pitcher,7
477,Burke Badenhop,Jody Gerut,pitcher,3
478,Burke Badenhop,Josh Bard,pitcher,1
479,Burke Badenhop,Luke Carlin,pitcher,1
480,Burke Badenhop,Luke Scott,pitcher,1
481,Burke Badenhop,Miguel Montero,pitcher,1
482,Burke Badenhop,Milton Bradley,pitcher,6
483,Burke Badenhop,Nick Johnson,pitcher,1
484,Burke Badenhop,Orlando Hudson,pitcher,1
485,Burke Badenhop,Rafael Furcal,pitcher,6
486,Burke Badenhop,Raul Ibanez,pitcher,2
487,Burke Badenhop,Ryan Braun,pitcher,1
488,Burke Badenhop,Ryan Howard,pitcher,7
489,Burke Badenhop,Stephen Drew,pitcher,7
490,Carl Crawford,Brad Penny,batter,5
491,Carl Crawford,Koji Uehara,batter,3
492,Carl Pavano,A. j. Pierzynski,pitcher,2
493,Carl Pavano,Adam Everett,pitcher,1
494,Carl Pavano,Adam Lind,pitcher,2
495,Carl Pavano,Alex Rodriguez,pitcher,6
496,Carl Pavano,Alexei Ramírez,pitcher,2
497,Carl Pavano,Asdrubal Cabrera,pitcher,12
498,Carl Pavano,Billy Butler,pitcher,6
499,Carl Pavano,Brayan Pena,pitcher,1
500,Carl Pavano,Brian Anderson,pitcher,1
501,Carl Pavano,Carlos Quentin,pitcher,6
502,Carl Pavano,Clete Thomas,pitcher,6
503,Carl Pavano,Curtis Granderson,pitcher,7
504,Carl Pavano,Derek Jeter,pitcher,2
505,Carl Pavano,Gerald Laird,pitcher,1
506,Carl Pavano,Jason Giambi,pitcher,1
507,Carl Pavano,Johnny Damon,pitcher,12
508,Carl Pavano,Jorge Posada,pitcher,1
509,Carl Pavano,Jose Guillen,pitcher,1
510,Carl Pavano,Julio Borbon,pitcher,6
511,Carl Pavano,Luis Hernandez,pitcher,6
512,Carl Pavano,Mark Teahen,pitcher,1
513,Carl Pavano,Mark Teixeira,pitcher,1
514,Carl Pavano,Matt Holliday,pitcher,1
515,Carl Pavano,Michael Young,pitcher,1
516,Carl Pavano,Miguel Cabrera,pitcher,6
517,Carl Pavano,Mitch Maier,pitcher,6
518,Carl Pavano,Nick Swisher,pitcher,6
519,Carl Pavano,Omar Vizquel,pitcher,6
520,Carl Pavano,Paul Konerko,pitcher,1
521,Carl Pavano,Placido Polanco,pitcher,1
522,Carl Pavano,Rod Barajas,pitcher,8
523,Carl Pavano,Willie Bloomquist,pitcher,14
524,Carl Pavano,Willy Aybar,pitcher,1
525,Carl Pavano,Yuniesky Betancourt,pitcher,1
526,Carlos Beltran,Ricky Nolasco,batter,2
527,Carlos Gonzalez,Braden Looper,batter,12
528,Carlos Gonzalez,Edward Mujica,batter,9
529,Carlos Lee,Carlos Zambrano,batter,3
530,Carlos Lee,Manny Parra,batter,5
531,Carlos Pena,Brandon League,batter,2
532,Carlos Pena,Chien-Ming Wang,batter,6
533,Carlos Pena,Hideki Okajima,batter,4
534,Carlos Quentin,Hideki Okajima,batter,12
535,Carlos Ruiz,Tim Hudson,batter,2
536,Carlos Ruiz,Ubaldo Jimenez,batter,3
537,Carlos Zambrano,A. j. Pierzynski,pitcher,1
538,Carlos Zambrano,Adam Dunn,pitcher,12
539,Carlos Zambrano,Albert Pujols,pitcher,7
540,Carlos Zambrano,Anderson Hernandez,pitcher,1
541,Carlos Zambrano,Angel Pagan,pitcher,2
542,Carlos Zambrano,Brandon Moss,pitcher,2
543,Carlos Zambrano,Brendan Ryan,pitcher,6
544,Carlos Zambrano,Brian Schneider,pitcher,6
545,Carlos Zambrano,Brooks Conrad,pitcher,1
546,Carlos Zambrano,Casey Kotchman,pitcher,1
547,Carlos Zambrano,Casey Mcgehee,pitcher,6
548,Carlos Zambrano,Chris Coste,pitcher,6
549,Carlos Zambrano,Chris Dickerson,pitcher,6
550,Carlos Zambrano,Chris Duncan,pitcher,12
551,Carlos Zambrano,Colby Rasmus,pitcher,2
552,Carlos Zambrano,Conor Jackson,pitcher,1
553,Carlos Zambrano,Corey Hart,pitcher,12
554,Carlos Zambrano,Craig Counsell,pitcher,6
555,Carlos Zambrano,Craig Stammen,pitcher,2
556,Carlos Zambrano,Dan Uggla,pitcher,6
557,Carlos Zambrano,Daniel Murphy,pitcher,1
558,Carlos Zambrano,Dave Bush,pitcher,1
559,Carlos Zambrano,Dewayne Wise,pitcher,1
560,Carlos Zambrano,Emilio Bonifacio,pitcher,6
561,Carlos Zambrano,Garret Anderson,pitcher,7
562,Carlos Zambrano,Geoff Blum,pitcher,3
563,Carlos Zambrano,Hanley Ramirez,pitcher,1
564,Carlos Zambrano,J. j. Hardy,pitcher,1
565,Carlos Zambrano,Jason Jaramillo,pitcher,1
566,Carlos Zambrano,Jason Kendall,pitcher,1
567,Carlos Zambrano,Jason Larue,pitcher,6
568,Carlos Zambrano,Jeff Francoeur,pitcher,12
569,Carlos Zambrano,Jeremy Hermida,pitcher,1
570,Carlos Zambrano,Jermaine Dye,pitcher,1
571,Carlos Zambrano,Jim Thome,pitcher,1
572,Carlos Zambrano,Joe Thurston,pitcher,1
573,Carlos Zambrano,Joey Votto,pitcher,1
574,Carlos Zambrano,Josh Bard,pitcher,2
575,Carlos Zambrano,Matt Holliday,pitcher,6
576,Carlos Zambrano,Miguel Montero,pitcher,2
577,Carlos Zambrano,Mike Cameron,pitcher,6
578,Carlos Zambrano,Nate Mclouth,pitcher,2
579,Carlos Zambrano,Neil Walker,pitcher,6
580,Carlos Zambrano,Nick Johnson,pitcher,1
581,Carlos Zambrano,Nyjer Morgan,pitcher,1
582,Carlos Zambrano,Omir Santos,pitcher,6
583,Carlos Zambrano,P. j. Walters,pitcher,6
584,Carlos Zambrano,Pablo Sandoval,pitcher,1
585,Carlos Zambrano,Paul Konerko,pitcher,6
586,Carlos Zambrano,Prince Fielder,pitcher,7
587,Carlos Zambrano,Ramon Vazquez,pitcher,1
588,Carlos Zambrano,Rick Ankiel,pitcher,1
589,Carlos Zambrano,Ryan Braun,pitcher,18
590,Carlos Zambrano,Ryan Ludwick,pitcher,14
591,Carlos Zambrano,Scott Podsednik,pitcher,1
592,Carlos Zambrano,Skip Schumaker,pitcher,7
593,Carlos Zambrano,Travis Ishikawa,pitcher,1
594,Carlos Zambrano,Yadier Molina,pitcher,3
595,Carlos Zambrano,Yunel Escobar,pitcher,6
596,Casey Blake,Jorge De La Rosa,batter,2
597,Casey Kotchman,Anibal Sanchez,batter,5
598,Casey Mcgehee,Carlos Zambrano,batter,3
599,Chad Tracy,Edward Mujica,batter,6
600,Chad Tracy,Jose Valverde,batter,3
601,Chad Tracy,Kevin Gregg,batter,3
602,Chad Tracy,Ricky Nolasco,batter,3
603,Chad Tracy,Ryan Dempster,batter,6
604,Chase Headley,Braden Looper,batter,9
605,Chase Headley,Ricky Nolasco,batter,3
606,Chase Headley,Ryan Dempster,batter,2
607,Chase Utley,Brendan Donnelly,batter,6
608,Chase Utley,Daisuke Matsuzaka,batter,6
609,Chase Utley,Dan Haren,batter,3
610,Chase Utley,Hiroki Kuroda,batter,2
611,Chase Utley,Jorge De La Rosa,batter,5
612,Chase Utley,Nelson Figueroa,batter,3
613,Chase Utley,Ryan Dempster,batter,3
614,Chien-Ming Wang,Adam Lind,pitcher,6
615,Chien-Ming Wang,Akinori Iwamura,pitcher,1
616,Chien-Ming Wang,Anderson Hernandez,pitcher,6
617,Chien-Ming Wang,Daniel Murphy,pitcher,6
618,Chien-Ming Wang,Hank Blalock,pitcher,1
619,Chien-Ming Wang,Kelly Johnson,pitcher,6
620,Chien-Ming Wang,Nate Mclouth,pitcher,1
621,Chipper Jones,Anibal Sanchez,batter,2
622,Chipper Jones,Joel Peralta,batter,3
623,Chipper Jones,Manny Parra,batter,12
624,Chone Figgins,Brad Penny,batter,2
625,Chris Coghlan,Carlos Zambrano,batter,3
626,Chris Coghlan,Koji Uehara,batter,3
627,Chris Coghlan,Mike Pelfrey,batter,9
628,Chris Coghlan,Tim Hudson,batter,3
629,Chris Coste,Manny Parra,batter,6
630,Chris Davis,Alfredo Simon,batter,12
631,Chris Davis,Brandon Morrow,batter,6
632,Chris Davis,Jose Contreras,batter,6
633,Chris Davis,Koji Uehara,batter,3
634,Chris Dickerson,Braden Looper,batter,12
635,Chris Duncan,Ryan Dempster,batter,5
636,Chris Getz,Braden Looper,batter,3
637,Chris Getz,Carlos Zambrano,batter,6
638,Chris Young,Edward Mujica,batter,3
639,Cliff Pennington,Frank Francisco,batter,3
640,Clint Barmes,Braden Looper,batter,3
641,Clint Barmes,Dan Haren,batter,3
642,Cody Ross,Brandon League,batter,12
643,Cody Ross,Manny Parra,batter,12
644,Colby Rasmus,Braden Looper,batter,7
645,Colby Rasmus,Nick Masset,batter,2
646,Colby Rasmus,Ryan Dempster,batter,6
647,Colby Rasmus,Tim Hudson,batter,6
648,Corey Patterson,Chien-Ming Wang,batter,3
649,Cory Sullivan,Edward Mujica,batter,3
650,Craig Counsell,Carlos Zambrano,batter,3
651,Cristian Guzman,Manny Parra,batter,6
652,Cristian Guzman,Ricky Nolasco,batter,3
653,Curtis Granderson,Braden Looper,batter,15
654,Curtis Granderson,Jose Arredondo,batter,3
655,Curtis Granderson,Jose Contreras,batter,3
656,Daisuke Matsuzaka,Akinori Iwamura,pitcher,6
657,Daisuke Matsuzaka,Alex Rodriguez,pitcher,2
658,Daisuke Matsuzaka,Brian Mccann,pitcher,1
659,Daisuke Matsuzaka,Carl Crawford,pitcher,1
660,Daisuke Matsuzaka,Carlos Beltran,pitcher,1
661,Daisuke Matsuzaka,Cesar Izturis,pitcher,1
662,Daisuke Matsuzaka,Chipper Jones,pitcher,1
663,Daisuke Matsuzaka,Hideki Matsui,pitcher,1
664,Daisuke Matsuzaka,Justin Morneau,pitcher,1
665,Daisuke Matsuzaka,Matt Tolbert,pitcher,1
666,Daisuke Matsuzaka,Nick Markakis,pitcher,2
667,Daisuke Matsuzaka,Robinson Cano,pitcher,1
668,Daisuke Matsuzaka,Shin-soo Choo,pitcher,1
669,Daisuke Matsuzaka,Trevor Crowe,pitcher,1
670,Dan Haren,Adam Kennedy,pitcher,6
671,Dan Haren,Adrian Gonzalez,pitcher,6
672,Dan Haren,Albert Pujols,pitcher,6
673,Dan Haren,Alberto Callaspo,pitcher,1
674,Dan Haren,Andre Ethier,pitcher,15
675,Dan Haren,Bengie Molina,pitcher,2
676,Dan Haren,Brandon Boggs,pitcher,6
677,Dan Haren,Casey Blake,pitcher,6
678,Dan Haren,Chase Headley,pitcher,18
679,Dan Haren,Chris Burke,pitcher,1
680,Dan Haren,Chris Duffy,pitcher,2
681,Dan Haren,Chris Duncan,pitcher,1
682,Dan Haren,Chris Iannetta,pitcher,7
683,Dan Haren,Cody Ross,pitcher,12
684,Dan Haren,Colby Rasmus,pitcher,6
685,Dan Haren,Corey Hart,pitcher,6
686,Dan Haren,Craig Counsell,pitcher,1
687,Dan Haren,Cristian Guzman,pitcher,1
688,Dan Haren,Dan Uggla,pitcher,6
689,Dan Haren,Daniel Murphy,pitcher,1
690,Dan Haren,Delwyn Young,pitcher,6
691,Dan Haren,Diory Hernandez,pitcher,6
692,Dan Haren,Edgar Renteria,pitcher,1
693,Dan Haren,Edwin Maysonet,pitcher,6
694,Dan Haren,Emmanuel Burriss,pitcher,1
695,Dan Haren,Eugenio Velez,pitcher,8
696,Dan Haren,Everth Cabrera,pitcher,7
697,Dan Haren,Fred Lewis,pitcher,1
698,Dan Haren,Freddy Sanchez,pitcher,6
699,Dan Haren,Garret Anderson,pitcher,6
700,Dan Haren,Garrett Atkins,pitcher,1
701,Dan Haren,Geoff Blum,pitcher,6
702,Dan Haren,Hunter Pence,pitcher,12
703,Dan Haren,Ian Stewart,pitcher,7
704,Dan Haren,Jack Hannahan,pitcher,6
705,Dan Haren,Jason Giambi,pitcher,6
706,Dan Haren,Jason Kendall,pitcher,1
707,Dan Haren,Jeff Francoeur,pitcher,6
708,Dan Haren,Jeremy Hermida,pitcher,6
709,Dan Haren,Jerry Hairston,pitcher,6
710,Dan Haren,Jimmy Rollins,pitcher,1
711,Dan Haren,John Baker,pitcher,6
712,Dan Haren,Jonathan Sanchez,pitcher,2
713,Dan Haren,Jordan Schafer,pitcher,12
714,Dan Haren,Josh Geer,pitcher,6
715,Dan Haren,Josh Willingham,pitcher,6
716,Dan Haren,Kazuo Matsui,pitcher,1
717,Dan Haren,Kelly Johnson,pitcher,6
718,Dan Haren,Kurt Suzuki,pitcher,1
719,Dan Haren,Laynce Nix,pitcher,7
720,Dan Haren,Luis Castillo,pitcher,6
721,Dan Haren,Luis Rodriguez,pitcher,1
722,Dan Haren,Mark Derosa,pitcher,6
723,Dan Haren,Mark Teahen,pitcher,2
724,Dan Haren,Matt Holliday,pitcher,7
725,Dan Haren,Matt Kemp,pitcher,12
726,Dan Haren,Michael Young,pitcher,6
727,Dan Haren,Miguel Tejada,pitcher,1
728,Dan Haren,Mike Cameron,pitcher,12
729,Dan Haren,Nate Schierholtz,pitcher,6
730,Dan Haren,Nick Hundley,pitcher,1
731,Dan Haren,Nick Stavinoha,pitcher,6
732,Dan Haren,Nomar Garciaparra,pitcher,6
733,Dan Haren,Orlando Hudson,pitcher,6
734,Dan Haren,Pablo Sandoval,pitcher,6
735,Dan Haren,Paul Bako,pitcher,6
736,Dan Haren,Rafael Furcal,pitcher,7
737,Dan Haren,Raul Ibanez,pitcher,13
738,Dan Haren,Reed Johnson,pitcher,1
739,Dan Haren,Rich Aurilia,pitcher,2
740,Dan Haren,Rickie Weeks,pitcher,1
741,Dan Haren,Ross Gload,pitcher,1
742,Dan Haren,Russell Martin,pitcher,6
743,Dan Haren,Ryan Howard,pitcher,12
744,Dan Haren,Ryan Rohlinger,pitcher,6
745,Dan Haren,Ryan Spilborghs,pitcher,8
746,Dan Haren,Ryan Theriot,pitcher,12
747,Dan Haren,Shane Victorino,pitcher,6
748,Dan Haren,Todd Helton,pitcher,2
749,Dan Haren,Tony Gwynn,pitcher,1
750,Dan Haren,Troy Tulowitzki,pitcher,7
751,Dan Haren,Tug Hulett,pitcher,6
752,Dan Haren,Wade Leblanc,pitcher,6
753,Dan Haren,Wandy Rodriguez,pitcher,6
754,Dan Haren,Will Venable,pitcher,7
755,Dan Haren,Yorvit Torrealba,pitcher,6
756,Dan Uggla,Koji Uehara,batter,12
757,Dan Uggla,Manny Parra,batter,5
758,Dan Wheeler,Adam Jones,pitcher,1
759,Dan Wheeler,Alex Rios,pitcher,1
760,Dan Wheeler,Corey Patterson,pitcher,1
761,Dan Wheeler,David Dejesus,pitcher,1
762,Dan Wheeler,Dustin Pedroia,pitcher,1
763,Dan Wheeler,Gregg Zaun,pitcher,1
764,Dan Wheeler,Jason Varitek,pitcher,7
765,Dan Wheeler,Jeremy Hermida,pitcher,1
766,Dan Wheeler,Mark Teixeira,pitcher,2
767,Dan Wheeler,Michael Aubrey,pitcher,1
768,Dan Wheeler,Placido Polanco,pitcher,1
769,Dan Wheeler,Ramiro Pena,pitcher,1
770,Dan Wheeler,Robert Andino,pitcher,1
771,Dan Wheeler,Ryan Sweeney,pitcher,2
772,Dan Wheeler,Travis Snider,pitcher,6
773,Dan Wheeler,Ty Wigginton,pitcher,1
774,Daniel Murphy,Burke Badenhop,batter,3
775,Daric Barton,Warner Madrigal,batter,3
776,David Aardsma,A. j. Pierzynski,pitcher,2
777,David Aardsma,Adam Kennedy,pitcher,6
778,David Aardsma,Alex Avila,pitcher,6
779,David Aardsma,Aubrey Huff,pitcher,1
780,David Aardsma,Carlos Quentin,pitcher,6
781,David Aardsma,Gerardo Parra,pitcher,6
782,David Aardsma,Jason Kubel,pitcher,6
783,David Aardsma,Jermaine Dye,pitcher,1
784,David Aardsma,Kendrys Morales,pitcher,6
785,David Aardsma,Kurt Suzuki,pitcher,6
786,David Aardsma,Luke Scott,pitcher,2
787,David Aardsma,Marlon Byrd,pitcher,1
788,David Aardsma,Michael Young,pitcher,1
789,David Aardsma,Mike Napoli,pitcher,6
790,David Aardsma,Nelson Cruz,pitcher,6
791,David Aardsma,Pat Burrell,pitcher,6
792,David Dejesus,Carl Pavano,batter,3
793,David Eckstein,Braden Looper,batter,6
794,David Eckstein,Hiroki Kuroda,batter,3
795,David Murphy,Daisuke Matsuzaka,batter,3
796,David Murphy,Jose Contreras,batter,9
797,David Ortiz,Brandon League,batter,3
798,David Ortiz,Kevin Millwood,batter,6
799,David Ross,Jorge De La Rosa,batter,2
800,David Ross,Manny Parra,batter,6
801,David Wright,Randy Johnson,batter,3
802,Delwyn Young,Manny Parra,batter,6
803,Delwyn Young,Nick Masset,batter,3
804,Delwyn Young,Ryan Dempster,batter,3
805,Derek Jeter,Brandon League,batter,6
806,Derek Jeter,Jose Contreras,batter,3
807,Derek Jeter,Koji Uehara,batter,3
808,Derrek Lee,Brendan Donnelly,batter,3
809,Dexter Fowler,Jeff Samardzija,batter,3
810,Dioner Navarro,Hideki Okajima,batter,3
811,Dioner Navarro,Jorge De La Rosa,batter,3
812,Dioner Navarro,Koji Uehara,batter,3
813,Dustin Pedroia,Frank Francisco,batter,6
814,Dustin Pedroia,Yasuhiko Yabuta,batter,6
815,Edward Mujica,Adam Kennedy,pitcher,1
816,Edward Mujica,Adam Laroche,pitcher,6
817,Edward Mujica,Adam Wainwright,pitcher,6
818,Edward Mujica,Alberto Gonzalez,pitcher,2
819,Edward Mujica,Anderson Hernandez,pitcher,6
820,Edward Mujica,Andre Ethier,pitcher,3
821,Edward Mujica,Angel Berroa,pitcher,6
822,Edward Mujica,Carlos Gonzalez,pitcher,1
823,Edward Mujica,Chris Coghlan,pitcher,1
824,Edward Mujica,Chris Young,pitcher,1
825,Edward Mujica,Clint Barmes,pitcher,1
826,Edward Mujica,Colby Rasmus,pitcher,1
827,Edward Mujica,Dan Uggla,pitcher,6
828,Edward Mujica,Darin Erstad,pitcher,2
829,Edward Mujica,David Murphy,pitcher,6
830,Edward Mujica,Doug Davis,pitcher,1
831,Edward Mujica,Eric Hinske,pitcher,6
832,Edward Mujica,Felipe Lopez,pitcher,3
833,Edward Mujica,Geovany Soto,pitcher,6
834,Edward Mujica,Gerardo Parra,pitcher,7
835,Edward Mujica,Hanley Ramirez,pitcher,1
836,Edward Mujica,J. j. Hardy,pitcher,6
837,Edward Mujica,Jayson Werth,pitcher,1
838,Edward Mujica,Jeremy Hermida,pitcher,1
839,Edward Mujica,Jorge Cantu,pitcher,1
840,Edward Mujica,Jorge De la rosa,pitcher,1
841,Edward Mujica,Josh Whitesell,pitcher,1
842,Edward Mujica,Justin Upton,pitcher,1
843,Edward Mujica,Ken Griffey,pitcher,1
844,Edward Mujica,Kevin Gregg,batter,3
845,Edward Mujica,Lance Berkman,pitcher,2
846,Edward Mujica,Laynce Nix,pitcher,1
847,Edward Mujica,Luis Castillo,pitcher,1
848,Edward Mujica,Mark Reynolds,pitcher,12
849,Edward Mujica,Matt Stairs,pitcher,1
850,Edward Mujica,Micah Hoffpauir,pitcher,2
851,Edward Mujica,Miguel Montero,pitcher,1
852,Edward Mujica,Mike Cameron,pitcher,6
853,Edward Mujica,Mike Carp,pitcher,1
854,Edward Mujica,Milton Bradley,pitcher,1
855,Edward Mujica,Nyjer Morgan,pitcher,1
856,Edward Mujica,Orlando Hudson,pitcher,1
857,Edward Mujica,Prince Fielder,pitcher,1
858,Edward Mujica,Rick Ankiel,pitcher,1
859,Edward Mujica,Robinzon Diaz,pitcher,1
860,Edward Mujica,Ross Gload,pitcher,1
861,Edward Mujica,Ryan Braun,pitcher,6
862,Edward Mujica,Shane Victorino,pitcher,6
863,Edward Mujica,Skip Schumaker,pitcher,2
864,Edward Mujica,Stephen Drew,pitcher,4
865,Edward Mujica,Troy Tulowitzki,pitcher,18
866,Edward Mujica,Willie Harris,pitcher,2
867,Edward Mujica,Yuniesky Betancourt,pitcher,1
868,Eliezer Alfonzo,Kevin Millwood,batter,3
869,Emilio Bonifacio,Braden Looper,batter,3
870,Emilio Bonifacio,Jose Valverde,batter,3
871,Emilio Bonifacio,Manny Parra,batter,6
872,Eric Hinske,Braden Looper,batter,3
873,Eric Hinske,Jose Valverde,batter,3
874,Eric Patterson,Yasuhiko Yabuta,batter,6
875,Erick Aybar,Brad Penny,batter,9
876,Erick Aybar,Vicente Padilla,batter,3
877,Erick Aybar,Yasuhiko Yabuta,batter,3
878,Evan Longoria,Brandon Morrow,batter,3
879,Evan Longoria,Jorge De La Rosa,batter,2
880,Everth Cabrera,Dan Haren,batter,3
881,Felipe Lopez,Burke Badenhop,batter,3
882,Felipe Lopez,Carlos Zambrano,batter,3
883,Felipe Lopez,Jose Valverde,batter,6
884,Felix Pie,John Smoltz,batter,9
885,Fernando Martinez,Braden Looper,batter,3
886,Fernando Martinez,Koji Uehara,batter,6
887,Frank Catalanotto,John Smoltz,batter,3
888,Frank Francisco,Aaron Rowand,pitcher,6
889,Frank Francisco,Andy Marte,pitcher,1
890,Frank Francisco,Chris Getz,pitcher,1
891,Frank Francisco,Cliff Pennington,pitcher,1
892,Frank Francisco,Gregg Zaun,pitcher,2
893,Frank Francisco,Hideki Matsui,pitcher,1
894,Frank Francisco,Ichiro Suzuki,pitcher,6
895,Frank Francisco,Jack Cust,pitcher,6
896,Frank Francisco,Jason Giambi,pitcher,6
897,Frank Francisco,Jose Lopez,pitcher,6
898,Frank Francisco,Kendrys Morales,pitcher,1
899,Frank Francisco,Kurt Suzuki,pitcher,6
900,Frank Francisco,Luke Scott,pitcher,1
901,Frank Francisco,Mark Ellis,pitcher,3
902,Frank Francisco,Mark Reynolds,pitcher,6
903,Frank Francisco,Mark Teixeira,pitcher,1
904,Frank Francisco,Matt Holliday,pitcher,1
905,Frank Francisco,Michael Cuddyer,pitcher,6
906,Frank Francisco,Mitch Maier,pitcher,1
907,Frank Francisco,Nick Markakis,pitcher,1
908,Frank Francisco,Pat Burrell,pitcher,18
909,Frank Francisco,Rajai Davis,pitcher,1
910,Frank Francisco,Rob Johnson,pitcher,6
911,Frank Francisco,Rod Barajas,pitcher,1
912,Frank Francisco,Stephen Drew,pitcher,1
913,Frank Francisco,Torii Hunter,pitcher,6
914,Frank Francisco,Travis Snider,pitcher,3
915,Frank Francisco,Trevor Crowe,pitcher,1
916,Frank Francisco,Ty Wigginton,pitcher,7
917,Franklin Gutierrez,Frank Francisco,batter,3
918,Fred Lewis,Manny Parra,batter,6
919,Freddy Garcia,Adam Everett,pitcher,6
920,Freddy Garcia,Alberto Callaspo,pitcher,1
921,Freddy Garcia,Aubrey Huff,pitcher,4
922,Freddy Garcia,Brandon Inge,pitcher,6
923,Freddy Garcia,Carlos Guillen,pitcher,6
924,Freddy Garcia,Casey Kotchman,pitcher,6
925,Freddy Garcia,Curtis Granderson,pitcher,6
926,Freddy Garcia,Daric Barton,pitcher,1
927,Freddy Garcia,David Ortiz,pitcher,1
928,Freddy Garcia,Dustin Pedroia,pitcher,1
929,Freddy Garcia,Franklin Gutierrez,pitcher,1
930,Freddy Garcia,Hideki Matsui,pitcher,8
931,Freddy Garcia,Jack Cust,pitcher,6
932,Freddy Garcia,Jack Wilson,pitcher,1
933,Freddy Garcia,Jacoby Ellsbury,pitcher,6
934,Freddy Garcia,Jason Varitek,pitcher,2
935,Freddy Garcia,John Buck,pitcher,6
936,Freddy Garcia,Josh Anderson,pitcher,1
937,Freddy Garcia,Luis Hernandez,pitcher,1
938,Freddy Garcia,Mike Carp,pitcher,1
939,Freddy Garcia,Mike Jacobs,pitcher,3
940,Freddy Garcia,Robinson Cano,pitcher,6
941,Freddy Sanchez,Ryan Dempster,batter,12
942,Gabe Kapler,Hideki Okajima,batter,3
943,Gabe Kapler,Jorge De La Rosa,batter,9
944,Garret Anderson,Anibal Sanchez,batter,2
945,Garret Anderson,Braden Looper,batter,3
946,Garret Anderson,Daisuke Matsuzaka,batter,6
947,Garret Anderson,Hideki Okajima,batter,3
948,Garret Anderson,Mike Pelfrey,batter,6
949,Garret Anderson,Nelson Figueroa,batter,3
950,Garret Anderson,Ryan Dempster,batter,6
951,Garrett Atkins,Dan Haren,batter,3
952,Garrett Atkins,Manny Parra,batter,3
953,Garrett Jones,Braden Looper,batter,2
954,Garrett Jones,Carlos Zambrano,batter,3
955,Geoff Blum,Kevin Gregg,batter,6
956,Geovany Soto,Braden Looper,batter,3
957,Geovany Soto,Jorge De La Rosa,batter,2
958,Gerardo Parra,Braden Looper,batter,9
959,Gerardo Parra,Nelson Figueroa,batter,3
960,Gerardo Parra,Ryan Dempster,batter,3
961,Gregg Zaun,Vicente Padilla,batter,2
962,Guillermo Moscoso,Gary Matthews,pitcher,1
963,Guillermo Moscoso,Robb Quinlan,pitcher,6
964,Hank Blalock,John Smoltz,batter,3
965,Hank Blalock,Koji Uehara,batter,12
966,Hanley Ramirez,Edward Mujica,batter,3
967,Hanley Ramirez,Jorge De La Rosa,batter,3
968,Hanley Ramirez,Jose Valverde,batter,3
969,Hanley Ramirez,Koji Uehara,batter,6
970,Hanley Ramirez,Manny Parra,batter,9
971,Hideki Matsui,Michael Bowden,batter,12
972,Hideki Okajima,A. j. Pierzynski,pitcher,6
973,Hideki Okajima,Aaron Hill,pitcher,2
974,Hideki Okajima,Adam Everett,pitcher,6
975,Hideki Okajima,Adam Lind,pitcher,6
976,Hideki Okajima,Alex Avila,pitcher,1
977,Hideki Okajima,Alexei Ramírez,pitcher,2
978,Hideki Okajima,Aubrey Huff,pitcher,8
979,Hideki Okajima,Ben Zobrist,pitcher,2
980,Hideki Okajima,Brandon Inge,pitcher,6
981,Hideki Okajima,Brayan Pena,pitcher,6
982,Hideki Okajima,Brian Mccann,pitcher,1
983,Hideki Okajima,Brian Roberts,pitcher,1
984,Hideki Okajima,Carl Crawford,pitcher,7
985,Hideki Okajima,Carlos Ruiz,pitcher,6
986,Hideki Okajima,Chipper Jones,pitcher,6
987,Hideki Okajima,Chone Figgins,pitcher,6
988,Hideki Okajima,David Murphy,pitcher,1
989,Hideki Okajima,David Ross,pitcher,1
990,Hideki Okajima,Derek Jeter,pitcher,6
991,Hideki Okajima,Dioner Navarro,pitcher,2
992,Hideki Okajima,Evan Longoria,pitcher,14
993,Hideki Okajima,Hank Blalock,pitcher,1
994,Hideki Okajima,Hideki Matsui,pitcher,6
995,Hideki Okajima,Ian Kinsler,pitcher,1
996,Hideki Okajima,Jimmy Rollins,pitcher,1
997,Hideki Okajima,Josh Hamilton,pitcher,2
998,Hideki Okajima,Kendrys Morales,pitcher,1
999,Hideki Okajima,Mark Ellis,pitcher,1
1000,Hideki Okajima,Mark Kotsay,pitcher,1
1001,Hideki Okajima,Mark Teahen,pitcher,1
1002,Hideki Okajima,Marlon Byrd,pitcher,6
1003,Hideki Okajima,Matt Tolbert,pitcher,1
1004,Hideki Okajima,Matt Wieters,pitcher,1
1005,Hideki Okajima,Melky Cabrera,pitcher,12
1006,Hideki Okajima,Melvin Mora,pitcher,1
1007,Hideki Okajima,Nick Swisher,pitcher,1
1008,Hideki Okajima,Pat Burrell,pitcher,6
1009,Hideki Okajima,Pedro Feliz,pitcher,1
1010,Hideki Okajima,Ramon Santiago,pitcher,1
1011,Hideki Okajima,Robinson Cano,pitcher,1
1012,Hideki Okajima,Rod Barajas,pitcher,1
1013,Hideki Okajima,Russell Branyan,pitcher,6
1014,Hideki Okajima,Shane Victorino,pitcher,1
1015,Hideki Okajima,Vernon Wells,pitcher,1
1016,Hiroki Kuroda,Andy Laroche,pitcher,6
1017,Hiroki Kuroda,Augie Ojeda,pitcher,1
1018,Hiroki Kuroda,Chris Coghlan,pitcher,6
1019,Hiroki Kuroda,Eugenio Velez,pitcher,1
1020,Hiroki Kuroda,Freddy Sanchez,pitcher,1
1021,Hiroki Kuroda,Garrett Olson,pitcher,1
1022,Hiroki Kuroda,Gerardo Parra,pitcher,1
1023,Hiroki Kuroda,Ian Kinsler,pitcher,1
1024,Hiroki Kuroda,Ivan Rodriguez,pitcher,1
1025,Hiroki Kuroda,Jayson Werth,pitcher,6
1026,Hiroki Kuroda,Jody Gerut,pitcher,1
1027,Hiroki Kuroda,Josh Willingham,pitcher,6
1028,Hiroki Kuroda,Justin Upton,pitcher,2
1029,Hiroki Kuroda,Kenji Johjima,pitcher,6
1030,Hiroki Kuroda,Kevin Kouzmanoff,pitcher,1
1031,Hiroki Kuroda,Mark Reynolds,pitcher,1
1032,Hiroki Kuroda,Pedro Feliz,pitcher,1
1033,Hiroki Kuroda,Rick Ankiel,pitcher,1
1034,Hiroki Kuroda,Ronny Cedeno,pitcher,1
1035,Hiroki Kuroda,Ryan Doumit,pitcher,6
1036,Hiroki Kuroda,Shane Victorino,pitcher,1
1037,Hiroki Kuroda,Stephen Drew,pitcher,1
1038,Hiroki Kuroda,Tony Gwynn,pitcher,6
1039,Hiroki Kuroda,Trent Oeltjen,pitcher,1
1040,Hiroki Kuroda,Willie Harris,pitcher,6
1041,Hiroki Kuroda,Zach Duke,pitcher,6
1042,Howie Kendrick,Brandon League,batter,3
1043,Howie Kendrick,Dan Wheeler,batter,12
1044,Hunter Pence,Manny Parra,batter,2
1045,Hunter Pence,Randy Johnson,batter,12
1046,Ian Desmond,Anibal Sanchez,batter,2
1047,Ian Kinsler,Brad Penny,batter,12
1048,Ian Kinsler,Koji Uehara,batter,5
1049,Ian Kinsler,Randy Johnson,batter,6
1050,Ian Stewart,Braden Looper,batter,3
1051,Ian Stewart,Brendan Donnelly,batter,3
1052,Ian Stewart,Edward Mujica,batter,3
1053,Ichiro Suzuki,Brad Penny,batter,3
1054,Ichiro Suzuki,Koji Uehara,batter,6
1055,Ichiro Suzuki,Warner Madrigal,batter,3
1056,Ivan Rodriguez,Brendan Donnelly,batter,3
1057,Ivan Rodriguez,Manny Parra,batter,3
1058,J. d. Drew,Freddy Garcia,batter,3
1059,J.J. Putz,Albert Pujols,pitcher,1
1060,J.J. Putz,Andre Ethier,pitcher,1
1061,J.J. Putz,Brandon Moss,pitcher,1
1062,J.J. Putz,Brian Bixler,pitcher,6
1063,J.J. Putz,Brian Giles,pitcher,1
1064,J.J. Putz,Casey Kotchman,pitcher,1
1065,J.J. Putz,Chase Utley,pitcher,1
1066,J.J. Putz,Corey Hart,pitcher,6
1067,J.J. Putz,Dan Uggla,pitcher,1
1068,J.J. Putz,Emilio Bonifacio,pitcher,1
1069,J.J. Putz,Garret Anderson,pitcher,2
1070,J.J. Putz,Hanley Ramirez,pitcher,1
1071,J.J. Putz,Jason Jaramillo,pitcher,1
1072,J.J. Putz,Jeff Francoeur,pitcher,6
1073,J.J. Putz,Jody Gerut,pitcher,1
1074,J.J. Putz,Joey Votto,pitcher,1
1075,J.J. Putz,Josh Willingham,pitcher,6
1076,J.J. Putz,Laynce Nix,pitcher,1
1077,J.J. Putz,Mark Loretta,pitcher,6
1078,J.J. Putz,Mike Rivera,pitcher,1
1079,J.J. Putz,Nate Schierholtz,pitcher,1
1080,J.J. Putz,Omar Infante,pitcher,6
1081,J.J. Putz,Robinzon Diaz,pitcher,1
1082,J.J. Putz,Ronnie Belliard,pitcher,2
1083,J.J. Putz,Ryan Howard,pitcher,6
1084,J.J. Putz,Ryan Zimmerman,pitcher,6
1085,J.J. Putz,Shane Victorino,pitcher,1
1086,J.J. Putz,Wil Nieves,pitcher,1
1087,Jack Cust,Jose Arredondo,batter,3
1088,Jack Cust,Vicente Padilla,batter,2
1089,Jack Cust,Yasuhiko Yabuta,batter,2
1090,Jack Hannahan,Randy Johnson,batter,1
1091,Jacoby Ellsbury,Brandon Morrow,batter,12
1092,Jacoby Ellsbury,Frank Francisco,batter,3
1093,Jacoby Ellsbury,Jose Arredondo,batter,2
1094,Jake Fox,Brendan Donnelly,batter,12
1095,Jake Fox,Jose Contreras,batter,6
1096,James Loney,Brad Penny,batter,2
1097,James Loney,Joel Peralta,batter,3
1098,Jamey Carroll,Carl Pavano,batter,3
1099,Jarrod Saltalamacchia,John Smoltz,batter,3
1100,Jarrod Saltalamacchia,Koji Uehara,batter,6
1101,Jason Bay,Yasuhiko Yabuta,batter,2
1102,Jason Giambi,Dan Haren,batter,12
1103,Jason Giambi,Joel Peralta,batter,2
1104,Jason Jaramillo,Ryan Franklin,batter,3
1105,Jason Kubel,Brad Penny,batter,6
1106,Jason Kubel,Daisuke Matsuzaka,batter,2
1107,Jason Kubel,Jonathan Papelbon,batter,3
1108,Jason Kubel,Jose Contreras,batter,3
1109,Jason Michaels,Manny Parra,batter,3
1110,Jason Varitek,Freddy Garcia,batter,6
1111,Jason Varitek,Mike Pelfrey,batter,3
1112,Jay Bruce,Braden Looper,batter,2
1113,Jay Bruce,Dan Haren,batter,3
1114,Jay Bruce,John Smoltz,batter,2
1115,Jayson Werth,Jeff Samardzija,batter,12
1116,Jayson Werth,Jorge De La Rosa,batter,12
1117,Jayson Werth,Manny Parra,batter,6
1118,Jeff Francoeur,Carlos Zambrano,batter,3
1119,Jeff Keppinger,Manny Parra,batter,6
1120,Jeff Niemann,Jason Kubel,pitcher,6
1121,Jeff Niemann,Jose Molina,pitcher,6
1122,Jeff Niemann,Randy Ruiz,pitcher,1
1123,Jeff Samardzija,Carlos Gonzalez,pitcher,1
1124,Jeff Samardzija,Carlos Lee,pitcher,2
1125,Jeff Samardzija,Chase Utley,pitcher,6
1126,Jeff Samardzija,Chris Coste,pitcher,1
1127,Jeff Samardzija,Chris Snyder,pitcher,6
1128,Jeff Samardzija,Chris Young,pitcher,6
1129,Jeff Samardzija,Colby Rasmus,pitcher,6
1130,Jeff Samardzija,Joey Votto,pitcher,1
1131,Jeff Samardzija,Nyjer Morgan,pitcher,6
1132,Jeff Samardzija,Omar Quintanilla,pitcher,1
1133,Jeff Samardzija,Raul Ibanez,pitcher,6
1134,Jeff Samardzija,Robinzon Diaz,pitcher,2
1135,Jeff Samardzija,Ronnie Belliard,pitcher,1
1136,Jeff Samardzija,Ryan Howard,pitcher,1
1137,Jeff Samardzija,Shane Victorino,pitcher,1
1138,Jeff Samardzija,Todd Helton,pitcher,1
1139,Jeff Suppan,Carlos Zambrano,batter,3
1140,Jeremy Hermida,Carlos Zambrano,batter,3
1141,Jeremy Hermida,J.J. Putz,batter,3
1142,Jeremy Reed,Carlos Zambrano,batter,3
1143,Jermaine Dye,Hideki Okajima,batter,3
1144,Jermaine Dye,Manny Parra,batter,2
1145,Jerry Hairston,Braden Looper,batter,3
1146,Jerry Hairston,Jose Contreras,batter,6
1147,Jerry Hairston,Manny Parra,batter,2
1148,Jhonny Peralta,Brad Penny,batter,3
1149,Jim Thome,Carl Pavano,batter,3
1150,Jim Thome,Carlos Zambrano,batter,3
1151,Jim Thome,Vicente Padilla,batter,2
1152,Jimmy Rollins,Dan Haren,batter,6
1153,Jimmy Rollins,Jeff Samardzija,batter,6
1154,Jimmy Rollins,Jorge De La Rosa,batter,15
1155,Jimmy Rollins,Mike Pelfrey,batter,6
1156,Jimmy Rollins,Nelson Figueroa,batter,3
1157,Jimmy Rollins,Ubaldo Jimenez,batter,6
1158,Jimmy Rollins,Wilton Lopez,batter,3
1159,Jody Gerut,Jose Valverde,batter,3
1160,Joe Crede,Braden Looper,batter,3
1161,Joe Crede,Vicente Padilla,batter,3
1162,Joe Mauer,Braden Looper,batter,5
1163,Joe Mauer,Jose Contreras,batter,2
1164,Joe Thurston,Jose Valverde,batter,3
1165,Joel Peralta,Adam Laroche,pitcher,1
1166,Joel Peralta,Andy Laroche,pitcher,6
1167,Joel Peralta,Ben Zobrist,pitcher,1
1168,Joel Peralta,Brian Mccann,pitcher,6
1169,Joel Peralta,Casey Kotchman,pitcher,1
1170,Joel Peralta,Chris Young,pitcher,6
1171,Joel Peralta,Diory Hernandez,pitcher,2
1172,Joel Peralta,Eric Byrnes,pitcher,6
1173,Joel Peralta,Eric Hinske,pitcher,6
1174,Joel Peralta,Geoff Blum,pitcher,2
1175,Joel Peralta,Gerardo Parra,pitcher,1
1176,Joel Peralta,J. j. Hardy,pitcher,6
1177,Joel Peralta,James Loney,pitcher,6
1178,Joel Peralta,Josh Bard,pitcher,6
1179,Joel Peralta,Josh Thole,pitcher,1
1180,Joel Peralta,Ken Griffey,pitcher,1
1181,Joel Peralta,Miguel Tejada,pitcher,6
1182,Joel Peralta,Orlando Hudson,pitcher,6
1183,Joel Peralta,Ryan Braun,pitcher,2
1184,Joel Peralta,Ryan Church,pitcher,1
1185,Joel Pineiro,Manny Parra,batter,3
1186,Joey Votto,Braden Looper,batter,15
1187,Joey Votto,Jose Contreras,batter,6
1188,Joey Votto,Manny Parra,batter,6
1189,Joey Votto,Ricky Nolasco,batter,6
1190,John Baker,Edward Mujica,batter,3
1191,John Baker,Tim Hudson,batter,2
1192,John Bowker,Braden Looper,batter,3
1193,John Buck,Carl Pavano,batter,3
1194,John Smoltz,Anderson Hernandez,pitcher,1
1195,John Smoltz,Aubrey Huff,pitcher,2
1196,John Smoltz,Chase Headley,pitcher,6
1197,John Smoltz,Corey Patterson,pitcher,6
1198,John Smoltz,Cristian Guzman,pitcher,3
1199,John Smoltz,David Dejesus,pitcher,1
1200,John Smoltz,David Murphy,pitcher,1
1201,John Smoltz,Elijah Dukes,pitcher,2
1202,John Smoltz,Everth Cabrera,pitcher,6
1203,John Smoltz,Frank Catalanotto,pitcher,2
1204,John Smoltz,Geoff Blum,pitcher,4
1205,John Smoltz,Gregg Zaun,pitcher,1
1206,John Smoltz,Hideki Matsui,pitcher,1
1207,John Smoltz,Jack Cust,pitcher,6
1208,John Smoltz,Joey Votto,pitcher,1
1209,John Smoltz,John Lannan,pitcher,6
1210,John Smoltz,Josh Bard,pitcher,12
1211,John Smoltz,Josh Hamilton,pitcher,2
1212,John Smoltz,Kazuo Matsui,pitcher,1
1213,John Smoltz,Lance Berkman,pitcher,1
1214,John Smoltz,Luke Scott,pitcher,6
1215,John Smoltz,Marlon Byrd,pitcher,6
1216,John Smoltz,Matt Holliday,pitcher,6
1217,John Smoltz,Matt Wieters,pitcher,1
1218,John Smoltz,Michael Bourn,pitcher,1
1219,John Smoltz,Miguel Olivo,pitcher,1
1220,John Smoltz,Mike Jacobs,pitcher,6
1221,John Smoltz,Nolan Reimold,pitcher,6
1222,John Smoltz,Nomar Garciaparra,pitcher,1
1223,John Smoltz,Pete Orr,pitcher,1
1224,John Smoltz,Prince Fielder,pitcher,1
1225,John Smoltz,Ryan Sweeney,pitcher,3
1226,John Smoltz,Scott Rolen,pitcher,1
1227,John Smoltz,Will Venable,pitcher,6
1228,John Smoltz,Willie Harris,pitcher,2
1229,Johnny Damon,Brandon Morrow,batter,6
1230,Johnny Damon,Koji Uehara,batter,3
1231,Jonathan Papelbon,Aubrey Huff,pitcher,2
1232,Jonathan Papelbon,Bobby Abreu,pitcher,1
1233,Jonathan Papelbon,Casey Kotchman,pitcher,1
1234,Jonathan Papelbon,Cristian Guzman,pitcher,1
1235,Jonathan Papelbon,Erick Aybar,pitcher,6
1236,Jonathan Papelbon,Ichiro Suzuki,pitcher,1
1237,Jonathan Papelbon,Mark Teixeira,pitcher,1
1238,Jonathan Papelbon,Nick Swisher,pitcher,6
1239,Jonathan Papelbon,Placido Polanco,pitcher,6
1240,Jonathan Papelbon,Ross Gload,pitcher,1
1241,Jonny Gomes,Brandon League,batter,1
1242,Jonny Gomes,Jose Contreras,batter,3
1243,Jorge Cantu,Braden Looper,batter,3
1244,Jorge Cantu,J.J. Putz,batter,2
1245,Jorge Cantu,Koji Uehara,batter,6
1246,Jorge Cantu,Manny Parra,batter,3
1247,Jorge Cantu,Randy Johnson,batter,6
1248,Jorge De La Rosa,Aaron Rowand,pitcher,2
1249,Jorge De La Rosa,Adam Laroche,pitcher,1
1250,Jorge De La Rosa,Alfonso Soriano,pitcher,1
1251,Jorge De La Rosa,Alfredo Amezaga,pitcher,12
1252,Jorge De La Rosa,Andre Ethier,pitcher,12
1253,Jorge De La Rosa,Andres Torres,pitcher,6
1254,Jorge De La Rosa,Augie Ojeda,pitcher,1
1255,Jorge De La Rosa,Bengie Molina,pitcher,2
1256,Jorge De La Rosa,Bill Hall,pitcher,2
1257,Jorge De La Rosa,Brendan Ryan,pitcher,6
1258,Jorge De La Rosa,Carlos Pena,pitcher,6
1259,Jorge De La Rosa,Casey Blake,pitcher,18
1260,Jorge De La Rosa,Casey Mcgehee,pitcher,6
1261,Jorge De La Rosa,Chase Headley,pitcher,8
1262,Jorge De La Rosa,Chipper Jones,pitcher,1
1263,Jorge De La Rosa,Chris Coste,pitcher,1
1264,Jorge De La Rosa,Chris Young,pitcher,7
1265,Jorge De La Rosa,Cody Ross,pitcher,6
1266,Jorge De La Rosa,Dan Uggla,pitcher,6
1267,Jorge De La Rosa,David Eckstein,pitcher,2
1268,Jorge De La Rosa,David Freese,pitcher,6
1269,Jorge De La Rosa,Delwyn Young,pitcher,1
1270,Jorge De La Rosa,Edgar Gonzalez,pitcher,6
1271,Jorge De La Rosa,Edgar Renteria,pitcher,2
1272,Jorge De La Rosa,Eric Byrnes,pitcher,2
1273,Jorge De La Rosa,Eric Hinske,pitcher,6
1274,Jorge De La Rosa,Everth Cabrera,pitcher,6
1275,Jorge De La Rosa,Felipe Lopez,pitcher,2
1276,Jorge De La Rosa,Freddy Sanchez,pitcher,6
1277,Jorge De La Rosa,Garret Anderson,pitcher,6
1278,Jorge De La Rosa,Hanley Ramirez,pitcher,1
1279,Jorge De La Rosa,J. j. Hardy,pitcher,6
1280,Jorge De La Rosa,Jack Wilson,pitcher,2
1281,Jorge De La Rosa,Jason Larue,pitcher,6
1282,Jorge De La Rosa,Jayson Werth,pitcher,1
1283,Jorge De La Rosa,Jeff Francoeur,pitcher,1
1284,Jorge De La Rosa,Jeremy Hermida,pitcher,6
1285,Jorge De La Rosa,Jimmy Rollins,pitcher,1
1286,Jorge De La Rosa,Jorge Cantu,pitcher,6
1287,Jorge De La Rosa,Josh Willingham,pitcher,1
1288,Jorge De La Rosa,Juan Castro,pitcher,6
1289,Jorge De La Rosa,Justin Upton,pitcher,1
1290,Jorge De La Rosa,Kevin Kouzmanoff,pitcher,6
1291,Jorge De La Rosa,Mark Reynolds,pitcher,1
1292,Jorge De La Rosa,Martin Prado,pitcher,1
1293,Jorge De La Rosa,Matt Downs,pitcher,1
1294,Jorge De La Rosa,Matt Kemp,pitcher,1
1295,Jorge De La Rosa,Mike Rivera,pitcher,2
1296,Jorge De La Rosa,Milton Bradley,pitcher,7
1297,Jorge De La Rosa,Nate Schierholtz,pitcher,12
1298,Jorge De La Rosa,Nick Hundley,pitcher,14
1299,Jorge De La Rosa,Nick Stavinoha,pitcher,6
1300,Jorge De La Rosa,Nyjer Morgan,pitcher,12
1301,Jorge De La Rosa,Prince Fielder,pitcher,6
1302,Jorge De La Rosa,Rafael Furcal,pitcher,1
1303,Jorge De La Rosa,Randy Winn,pitcher,2
1304,Jorge De La Rosa,Raul Ibanez,pitcher,1
1305,Jorge De La Rosa,Rick Ankiel,pitcher,6
1306,Jorge De La Rosa,Ronny Paulino,pitcher,1
1307,Jorge De La Rosa,Russell Martin,pitcher,12
1308,Jorge De La Rosa,Rusty Ryal,pitcher,6
1309,Jorge De La Rosa,Ryan Garko,pitcher,1
1310,Jorge De La Rosa,Ryan Howard,pitcher,6
1311,Jorge De La Rosa,Ryan Ludwick,pitcher,7
1312,Jorge De La Rosa,Ryan Roberts,pitcher,1
1313,Jorge De La Rosa,Sam Fuld,pitcher,12
1314,Jorge De La Rosa,Stephen Drew,pitcher,6
1315,Jorge De La Rosa,Tony Gwynn,pitcher,6
1316,Jorge De La Rosa,Tyler Greene,pitcher,1
1317,Jorge De La Rosa,Wes Helms,pitcher,7
1318,Jorge De La Rosa,Yadier Molina,pitcher,1
1319,Jorge Posada,Frank Francisco,batter,3
1320,Jorge Posada,Hideki Okajima,batter,9
1321,Jorge Posada,Luis Vizcaino,batter,2
1322,Jorge Posada,Michael Bowden,batter,3
1323,Jose Arredondo,Adam Kennedy,pitcher,6
1324,Jose Arredondo,Adam Lind,pitcher,6
1325,Jose Arredondo,Andruw Jones,pitcher,6
1326,Jose Arredondo,Aubrey Huff,pitcher,18
1327,Jose Arredondo,Billy Butler,pitcher,1
1328,Jose Arredondo,Brandon Inge,pitcher,6
1329,Jose Arredondo,Brian Buscher,pitcher,6
1330,Jose Arredondo,David Murphy,pitcher,1
1331,Jose Arredondo,David Ortiz,pitcher,1
1332,Jose Arredondo,Dioner Navarro,pitcher,6
1333,Jose Arredondo,Hank Blalock,pitcher,1
1334,Jose Arredondo,Jack Cust,pitcher,6
1335,Jose Arredondo,James Loney,pitcher,6
1336,Jose Arredondo,Jason Giambi,pitcher,1
1337,Jose Arredondo,Jason Kubel,pitcher,6
1338,Jose Arredondo,Jeff Bailey,pitcher,1
1339,Jose Arredondo,Jorge Posada,pitcher,6
1340,Jose Arredondo,Josh Fields,pitcher,6
1341,Jose Arredondo,Julio Borbon,pitcher,6
1342,Jose Arredondo,Ken Griffey,pitcher,1
1343,Jose Arredondo,Kenji Johjima,pitcher,1
1344,Jose Arredondo,Luke Scott,pitcher,6
1345,Jose Arredondo,Mark Loretta,pitcher,6
1346,Jose Arredondo,Matt Kemp,pitcher,6
1347,Jose Arredondo,Mike Jacobs,pitcher,6
1348,Jose Arredondo,Mike Lowell,pitcher,6
1349,Jose Arredondo,Mitch Maier,pitcher,1
1350,Jose Arredondo,Nick Green,pitcher,2
1351,Jose Arredondo,Nick Markakis,pitcher,1
1352,Jose Arredondo,Orlando Cabrera,pitcher,6
1353,Jose Arredondo,Raul Chavez,pitcher,6
1354,Jose Arredondo,Russell Branyan,pitcher,6
1355,Jose Arredondo,Ryan Sweeney,pitcher,6
1356,Jose Arredondo,Vernon Wells,pitcher,1
1357,Jose Arredondo,Willie Bloomquist,pitcher,1
1358,Jose Arredondo,Wladimir Balentien,pitcher,6
1359,Jose Contreras,Alfonso Soriano,pitcher,12
1360,Jose Contreras,Asdrubal Cabrera,pitcher,8
1361,Jose Contreras,Ben Francisco,pitcher,1
1362,Jose Contreras,Brandon Allen,pitcher,6
1363,Jose Contreras,Carlos Gomez,pitcher,6
1364,Jose Contreras,Carlos Guillen,pitcher,1
1365,Jose Contreras,Chad Tracy,pitcher,7
1366,Jose Contreras,Chris Davis,pitcher,6
1367,Jose Contreras,Chris Dickerson,pitcher,1
1368,Jose Contreras,Clete Thomas,pitcher,7
1369,Jose Contreras,Colby Rasmus,pitcher,6
1370,Jose Contreras,Curtis Granderson,pitcher,2
1371,Jose Contreras,David Ortiz,pitcher,1
1372,Jose Contreras,Derrek Lee,pitcher,1
1373,Jose Contreras,Drew Stubbs,pitcher,1
1374,Jose Contreras,Felix Pie,pitcher,1
1375,Jose Contreras,Gerardo Parra,pitcher,6
1376,Jose Contreras,Grady Sizemore,pitcher,20
1377,Jose Contreras,Hank Blalock,pitcher,1
1378,Jose Contreras,Hideki Matsui,pitcher,1
1379,Jose Contreras,J. j. Hardy,pitcher,6
1380,Jose Contreras,Jack Cust,pitcher,6
1381,Jose Contreras,Jarrod Saltalamacchia,pitcher,1
1382,Jose Contreras,Jason Kubel,pitcher,1
1383,Jose Contreras,Jay Bruce,pitcher,6
1384,Jose Contreras,Jhonny Peralta,pitcher,1
1385,Jose Contreras,Joe Crede,pitcher,1
1386,Jose Contreras,Jose Molina,pitcher,1
1387,Jose Contreras,Josh Anderson,pitcher,1
1388,Jose Contreras,Justin Morneau,pitcher,14
1389,Jose Contreras,Kendrys Morales,pitcher,6
1390,Jose Contreras,Kosuke Fukudome,pitcher,7
1391,Jose Contreras,Kurt Suzuki,pitcher,1
1392,Jose Contreras,Laynce Nix,pitcher,1
1393,Jose Contreras,Luis Valbuena,pitcher,6
1394,Jose Contreras,Luke Scott,pitcher,1
1395,Jose Contreras,Maicer Izturis,pitcher,6
1396,Jose Contreras,Mark Teixeira,pitcher,12
1397,Jose Contreras,Melvin Mora,pitcher,1
1398,Jose Contreras,Micah Hoffpauir,pitcher,6
1399,Jose Contreras,Miguel Cabrera,pitcher,3
1400,Jose Contreras,Miguel Montero,pitcher,1
1401,Jose Contreras,Mike Jacobs,pitcher,18
1402,Jose Contreras,Nick Punto,pitcher,1
1403,Jose Contreras,Omar Vizquel,pitcher,1
1404,Jose Contreras,Prince Fielder,pitcher,6
1405,Jose Contreras,Ramon Hernandez,pitcher,1
1406,Jose Contreras,Ramon Santiago,pitcher,12
1407,Jose Contreras,Ryan Braun,pitcher,1
1408,Jose Contreras,Ryan Garko,pitcher,1
1409,Jose Contreras,Shin-soo Choo,pitcher,13
1410,Jose Contreras,Travis Hafner,pitcher,7
1411,Jose Contreras,Travis Snider,pitcher,8
1412,Jose Contreras,Victor Martinez,pitcher,3
1413,Jose Contreras,Vladimir Guerrero,pitcher,1
1414,Jose Morales,Jose Contreras,batter,6
1415,Jose Valverde,Adam Dunn,pitcher,6
1416,Jose Valverde,Alberto Callaspo,pitcher,2
1417,Jose Valverde,Andy Tracy,pitcher,1
1418,Jose Valverde,Aramis Ramirez,pitcher,8
1419,Jose Valverde,Bengie Molina,pitcher,1
1420,Jose Valverde,Billy Butler,pitcher,6
1421,Jose Valverde,Brian Buscher,pitcher,6
1422,Jose Valverde,Brian Mccann,pitcher,6
1423,Jose Valverde,Carlos Zambrano,pitcher,6
1424,Jose Valverde,Chris Coghlan,pitcher,6
1425,Jose Valverde,Chris Davis,pitcher,7
1426,Jose Valverde,Chris Duncan,pitcher,2
1427,Jose Valverde,Cody Ross,pitcher,1
1428,Jose Valverde,Colby Rasmus,pitcher,1
1429,Jose Valverde,Dan Uggla,pitcher,6
1430,Jose Valverde,David Wright,pitcher,1
1431,Jose Valverde,Delwyn Young,pitcher,6
1432,Jose Valverde,Fernando Tatis,pitcher,1
1433,Jose Valverde,Freddy Sanchez,pitcher,1
1434,Jose Valverde,Garrett Jones,pitcher,6
1435,Jose Valverde,J. j. Hardy,pitcher,6
1436,Jose Valverde,James Loney,pitcher,7
1437,Jose Valverde,Jeff Baker,pitcher,6
1438,Jose Valverde,Jeff Francoeur,pitcher,1
1439,Jose Valverde,John Baker,pitcher,1
1440,Jose Valverde,Jose Morales,pitcher,1
1441,Jose Valverde,Josh Whitesell,pitcher,6
1442,Jose Valverde,Kevin Barker,pitcher,1
1443,Jose Valverde,Kosuke Fukudome,pitcher,1
1444,Jose Valverde,Laynce Nix,pitcher,3
1445,Jose Valverde,Magglio Ordonez,pitcher,6
1446,Jose Valverde,Mark Derosa,pitcher,18
1447,Jose Valverde,Mark Reynolds,pitcher,6
1448,Jose Valverde,Miguel Cabrera,pitcher,1
1449,Jose Valverde,Miguel Montero,pitcher,1
1450,Jose Valverde,Miguel Olivo,pitcher,1
1451,Jose Valverde,Nyjer Morgan,pitcher,7
1452,Jose Valverde,Pedro Feliz,pitcher,1
1453,Jose Valverde,Prince Fielder,pitcher,2
1454,Jose Valverde,Randy Winn,pitcher,1
1455,Jose Valverde,Reed Johnson,pitcher,1
1456,Jose Valverde,Russell Martin,pitcher,6
1457,Jose Valverde,Ryan Braun,pitcher,7
1458,Jose Valverde,Ryan Ludwick,pitcher,6
1459,Jose Valverde,Ryan Zimmerman,pitcher,4
1460,Jose Valverde,Shane Victorino,pitcher,1
1461,Jose Valverde,Travis Ishikawa,pitcher,6
1462,Jose Valverde,Tug Hulett,pitcher,1
1463,Jose Valverde,Yadier Molina,pitcher,1
1464,Jose Valverde,Yunel Escobar,pitcher,6
1465,Jose Veras,Brayan Pena,pitcher,1
1466,Jose Veras,Dioner Navarro,pitcher,1
1467,Jose Veras,Matt Holliday,pitcher,1
1468,Josh Anderson,Braden Looper,batter,3
1469,Josh Bard,Brad Penny,batter,2
1470,Josh Bard,John Smoltz,batter,3
1471,Josh Hamilton,Brandon Morrow,batter,3
1472,Josh Willingham,Anibal Sanchez,batter,2
1473,Josh Willingham,Carlos Zambrano,batter,2
1474,Juan Castro,Jorge De La Rosa,batter,3
1475,Juan Pierre,Brad Penny,batter,3
1476,Juan Pierre,Braden Looper,batter,3
1477,Juan Pierre,Jose Contreras,batter,3
1478,Juan Rivera,Yasuhiko Yabuta,batter,2
1479,Juan Uribe,Dan Haren,batter,12
1480,Juan Uribe,Jorge De La Rosa,batter,3
1481,Juan Uribe,Vicente Padilla,batter,3
1482,Julio Borbon,Brad Penny,batter,3
1483,Julio Lugo,Manny Parra,batter,6
1484,Justin Upton,Braden Looper,batter,12
1485,Justin Upton,Edward Mujica,batter,6
1486,Justin Upton,Jorge De La Rosa,batter,5
1487,Justin Upton,Manny Parra,batter,2
1488,Kazuo Matsui,Vicente Padilla,batter,3
1489,Kelly Johnson,Anibal Sanchez,batter,3
1490,Kelly Johnson,Braden Looper,batter,2
1491,Kelvim Escobar,Brandon Inge,pitcher,1
1492,Kelvim Escobar,Clete Thomas,pitcher,6
1493,Kelvim Escobar,Curtis Granderson,pitcher,1
1494,Kelvim Escobar,Jeff Larish,pitcher,6
1495,Kelvim Escobar,Josh Anderson,pitcher,1
1496,Kelvim Escobar,Magglio Ordonez,pitcher,1
1497,Kelvim Escobar,Ramon Santiago,pitcher,6
1498,Ken Griffey,Dan Wheeler,batter,2
1499,Ken Griffey,Freddy Garcia,batter,12
1500,Ken Griffey,Kevin Millwood,batter,3
1501,Ken Griffey,Koji Uehara,batter,3
1502,Kendrys Morales,Kevin Millwood,batter,1
1503,Kenji Johjima,Freddy Garcia,batter,6
1504,Kenji Johjima,Randy Johnson,batter,2
1505,Kevin Gregg,Albert Pujols,pitcher,1
1506,Kevin Gregg,Chris Getz,pitcher,6
1507,Kevin Gregg,Colby Rasmus,pitcher,7
1508,Kevin Gregg,Garret Anderson,pitcher,6
1509,Kevin Gregg,Geoff Blum,pitcher,6
1510,Kevin Gregg,Gregor Blanco,pitcher,6
1511,Kevin Gregg,James Loney,pitcher,6
1512,Kevin Gregg,Jason Smith,pitcher,1
1513,Kevin Gregg,Jeff Francoeur,pitcher,6
1514,Kevin Gregg,John Baker,pitcher,2
1515,Kevin Gregg,Josh Bard,pitcher,6
1516,Kevin Gregg,Pedro Feliz,pitcher,6
1517,Kevin Gregg,Ronny Paulino,pitcher,1
1518,Kevin Gregg,Ryan Braun,pitcher,1
1519,Kevin Gregg,Ryan Ludwick,pitcher,6
1520,Kevin Gregg,Scott Rolen,pitcher,1
1521,Kevin Gregg,Victor Martinez,pitcher,1
1522,Kevin Gregg,Wladimir Balentien,pitcher,1
1523,Kevin Kouzmanoff,Manny Parra,batter,9
1524,Kevin Millwood,David Dejesus,pitcher,2
1525,Kevin Millwood,Derek Jeter,pitcher,1
1526,Kevin Millwood,Eliezer Alfonzo,pitcher,1
1527,Kevin Millwood,Jack Hannahan,pitcher,6
1528,Kevin Millwood,Jacoby Ellsbury,pitcher,1
1529,Kevin Millwood,Jason Bartlett,pitcher,1
1530,Kevin Millwood,Marco Scutaro,pitcher,1
1531,Kevin Millwood,Miguel Olivo,pitcher,1
1532,Kevin Millwood,Willy Aybar,pitcher,1
1533,Kevin Youkilis,Brandon League,batter,1
1534,Kevin Youkilis,Jose Contreras,batter,1
1535,Khalil Greene,Jose Valverde,batter,3
1536,Koji Uehara,Akinori Iwamura,pitcher,2
1537,Koji Uehara,Alberto Callaspo,pitcher,2
1538,Koji Uehara,Alex Cora,pitcher,1
1539,Koji Uehara,Andrew Miller,pitcher,2
1540,Koji Uehara,Andruw Jones,pitcher,6
1541,Koji Uehara,B. j. Upton,pitcher,6
1542,Koji Uehara,Brett Gardner,pitcher,1
1543,Koji Uehara,Brian Schneider,pitcher,1
1544,Koji Uehara,Carl Crawford,pitcher,1
1545,Koji Uehara,Carlos Beltran,pitcher,1
1546,Koji Uehara,Carlos Pena,pitcher,12
1547,Koji Uehara,Chris Coghlan,pitcher,2
1548,Koji Uehara,Coco Crisp,pitcher,1
1549,Koji Uehara,Cristian Guzman,pitcher,1
1550,Koji Uehara,David Dejesus,pitcher,6
1551,Koji Uehara,David Ortiz,pitcher,1
1552,Koji Uehara,Dioner Navarro,pitcher,1
1553,Koji Uehara,Dustin Pedroia,pitcher,1
1554,Koji Uehara,Elvis Andrus,pitcher,7
1555,Koji Uehara,Emilio Bonifacio,pitcher,2
1556,Koji Uehara,Endy Chavez,pitcher,1
1557,Koji Uehara,Evan Longoria,pitcher,6
1558,Koji Uehara,Fernando Martinez,pitcher,7
1559,Koji Uehara,Francisco Cervelli,pitcher,1
1560,Koji Uehara,Gary Sheffield,pitcher,6
1561,Koji Uehara,George Kottaras,pitcher,7
1562,Koji Uehara,Hanley Ramirez,pitcher,1
1563,Koji Uehara,Hideki Matsui,pitcher,10
1564,Koji Uehara,Howie Kendrick,pitcher,8
1565,Koji Uehara,Ian Kinsler,pitcher,6
1566,Koji Uehara,Ichiro Suzuki,pitcher,1
1567,Koji Uehara,J. d. Drew,pitcher,6
1568,Koji Uehara,Jacoby Ellsbury,pitcher,2
1569,Koji Uehara,Jason Bartlett,pitcher,6
1570,Koji Uehara,Jeremy Hermida,pitcher,8
1571,Koji Uehara,John Baker,pitcher,1
1572,Koji Uehara,John Buck,pitcher,1
1573,Koji Uehara,Johnny Damon,pitcher,14
1574,Koji Uehara,Jorge Posada,pitcher,1
1575,Koji Uehara,Jose Guillen,pitcher,2
1576,Koji Uehara,Josh Bard,pitcher,1
1577,Koji Uehara,Josh Hamilton,pitcher,8
1578,Koji Uehara,Juan Rivera,pitcher,7
1579,Koji Uehara,Justin Maxwell,pitcher,6
1580,Koji Uehara,Ken Griffey,pitcher,2
1581,Koji Uehara,Kendrys Morales,pitcher,6
1582,Koji Uehara,Kevin Youkilis,pitcher,1
1583,Koji Uehara,Maicer Izturis,pitcher,1
1584,Koji Uehara,Mark Teahen,pitcher,1
1585,Koji Uehara,Mark Teixeira,pitcher,3
1586,Koji Uehara,Marlon Byrd,pitcher,2
1587,Koji Uehara,Melky Cabrera,pitcher,1
1588,Koji Uehara,Michael Young,pitcher,1
1589,Koji Uehara,Mike Jacobs,pitcher,1
1590,Koji Uehara,Nelson Cruz,pitcher,6
1591,Koji Uehara,Nick Swisher,pitcher,6
1592,Koji Uehara,Pat Burrell,pitcher,1
1593,Koji Uehara,Robinson Cano,pitcher,1
1594,Koji Uehara,Ross Detwiler,pitcher,6
1595,Koji Uehara,Russell Branyan,pitcher,6
1596,Koji Uehara,Willie Bloomquist,pitcher,1
1597,Koji Uehara,Yuniesky Betancourt,pitcher,1
1598,Kosuke Fukudome,Braden Looper,batter,9
1599,Kosuke Fukudome,Jose Contreras,batter,3
1600,Koyie Hill,Braden Looper,batter,2
1601,Kurt Suzuki,Vicente Padilla,batter,6
1602,Kyle Blanks,Manny Parra,batter,3
1603,Lance Berkman,Carlos Zambrano,batter,3
1604,Lance Berkman,Dan Haren,batter,3
1605,Lance Berkman,Frank Francisco,batter,3
1606,Laynce Nix,Braden Looper,batter,15
1607,Laynce Nix,Dan Haren,batter,6
1608,Laynce Nix,Jose Contreras,batter,6
1609,Luis Castillo,Chien-Ming Wang,batter,3
1610,Luis Durango,Randy Johnson,batter,3
1611,Luis Vizcaino,Edwin Encarnacion,pitcher,1
1612,Luis Vizcaino,Gabe Gross,pitcher,1
1613,Luis Vizcaino,Jason Marquis,pitcher,1
1614,Luis Vizcaino,Mat Gamel,pitcher,2
1615,Luis Vizcaino,Robinson Cano,pitcher,1
1616,Luke Scott,John Smoltz,batter,5
1617,Luke Scott,Jose Contreras,batter,3
1618,Luke Scott,Kevin Millwood,batter,2
1619,Lyle Overbay,Brad Penny,batter,12
1620,Maicer Izturis,Vicente Padilla,batter,3
1621,Manny Parra,Aaron Rowand,pitcher,6
1622,Manny Parra,Adam Rosales,pitcher,2
1623,Manny Parra,Adrian Gonzalez,pitcher,1
1624,Manny Parra,Albert Pujols,pitcher,14
1625,Manny Parra,Andrew Mccutchen,pitcher,6
1626,Manny Parra,Andy Laroche,pitcher,2
1627,Manny Parra,Austin Kearns,pitcher,7
1628,Manny Parra,Ben Francisco,pitcher,6
1629,Manny Parra,Bengie Molina,pitcher,1
1630,Manny Parra,Brandon Phillips,pitcher,19
1631,Manny Parra,Brendan Ryan,pitcher,14
1632,Manny Parra,Brian Barden,pitcher,14
1633,Manny Parra,Burke Badenhop,pitcher,1
1634,Manny Parra,Carlos Gomez,pitcher,6
1635,Manny Parra,Carlos Lee,pitcher,2
1636,Manny Parra,Casey Blake,pitcher,1
1637,Manny Parra,Casey Kotchman,pitcher,2
1638,Manny Parra,Chase Headley,pitcher,6
1639,Manny Parra,Chase Utley,pitcher,6
1640,Manny Parra,Chipper Jones,pitcher,6
1641,Manny Parra,Chris Coste,pitcher,1
1642,Manny Parra,Chris Duncan,pitcher,7
1643,Manny Parra,Chris Snyder,pitcher,6
1644,Manny Parra,Chris Young,pitcher,12
1645,Manny Parra,Clint Barmes,pitcher,6
1646,Manny Parra,Cody Ross,pitcher,1
1647,Manny Parra,Conor Jackson,pitcher,1
1648,Manny Parra,Craig Stammen,pitcher,1
1649,Manny Parra,Cristian Guzman,pitcher,1
1650,Manny Parra,Darnell Mcdonald,pitcher,6
1651,Manny Parra,David Eckstein,pitcher,7
1652,Manny Parra,David Ross,pitcher,2
1653,Manny Parra,Delwyn Young,pitcher,13
1654,Manny Parra,Denard Span,pitcher,1
1655,Manny Parra,Edgar Renteria,pitcher,3
1656,Manny Parra,Edwin Encarnacion,pitcher,8
1657,Manny Parra,Emilio Bonifacio,pitcher,8
1658,Manny Parra,Emmanuel Burriss,pitcher,1
1659,Manny Parra,Eric Byrnes,pitcher,8
1660,Manny Parra,Garrett Mock,pitcher,6
1661,Manny Parra,Geoff Blum,pitcher,1
1662,Manny Parra,Hunter Pence,pitcher,11
1663,Manny Parra,Ivan Rodriguez,pitcher,12
1664,Manny Parra,Jarrett Hoffpauir,pitcher,6
1665,Manny Parra,Jason Larue,pitcher,1
1666,Manny Parra,Jason Michaels,pitcher,1
1667,Manny Parra,Jay Bruce,pitcher,6
1668,Manny Parra,Jayson Werth,pitcher,13
1669,Manny Parra,Jeff Francoeur,pitcher,3
1670,Manny Parra,Jeff Keppinger,pitcher,12
1671,Manny Parra,Jeremy Hermida,pitcher,1
1672,Manny Parra,Jerry Hairston,pitcher,1
1673,Manny Parra,Jimmy Rollins,pitcher,3
1674,Manny Parra,Joe Crede,pitcher,1
1675,Manny Parra,Joey Votto,pitcher,1
1676,Manny Parra,Jon Garland,pitcher,6
1677,Manny Parra,Jonny Gomes,pitcher,7
1678,Manny Parra,Jorge Cantu,pitcher,5
1679,Manny Parra,Josh Bard,pitcher,2
1680,Manny Parra,Josh Willingham,pitcher,6
1681,Manny Parra,Josh Wilson,pitcher,1
1682,Manny Parra,Julio Lugo,pitcher,6
1683,Manny Parra,Justin Upton,pitcher,3
1684,Manny Parra,Kelly Johnson,pitcher,1
1685,Manny Parra,Khalil Greene,pitcher,7
1686,Manny Parra,Kyle Blanks,pitcher,6
1687,Manny Parra,Lastings Milledge,pitcher,2
1688,Manny Parra,Luis Cruz,pitcher,1
1689,Manny Parra,Manny Ramirez,pitcher,12
1690,Manny Parra,Mark Derosa,pitcher,13
1691,Manny Parra,Mark Reynolds,pitcher,6
1692,Manny Parra,Martin Prado,pitcher,1
1693,Manny Parra,Matt Diaz,pitcher,8
1694,Manny Parra,Matt Holliday,pitcher,1
1695,Manny Parra,Matt Kata,pitcher,6
1696,Manny Parra,Matt Kemp,pitcher,1
1697,Manny Parra,Matt Tolbert,pitcher,1
1698,Manny Parra,Miguel Tejada,pitcher,1
1699,Manny Parra,Nate Mclouth,pitcher,6
1700,Manny Parra,Nick Hundley,pitcher,6
1701,Manny Parra,Nick Stavinoha,pitcher,3
1702,Manny Parra,Nyjer Morgan,pitcher,1
1703,Manny Parra,Orlando Hudson,pitcher,1
1704,Manny Parra,Pablo Sandoval,pitcher,6
1705,Manny Parra,Paul Hoover,pitcher,6
1706,Manny Parra,Paul Janish,pitcher,6
1707,Manny Parra,Rafael Furcal,pitcher,1
1708,Manny Parra,Rich Aurilia,pitcher,6
1709,Manny Parra,Ronny Cedeno,pitcher,1
1710,Manny Parra,Ronny Paulino,pitcher,8
1711,Manny Parra,Ryan Hanigan,pitcher,2
1712,Manny Parra,Ryan Ludwick,pitcher,10
1713,Manny Parra,Ryan Zimmerman,pitcher,1
1714,Manny Parra,Shane Robinson,pitcher,4
1715,Manny Parra,Shane Victorino,pitcher,1
1716,Manny Parra,Steve Pearce,pitcher,2
1717,Manny Parra,Todd Wellemeyer,pitcher,2
1718,Manny Parra,Tony Gwynn,pitcher,7
1719,Manny Parra,Willy Taveras,pitcher,1
1720,Manny Parra,Yadier Molina,pitcher,3
1721,Manny Parra,Yunel Escobar,pitcher,2
1722,Manny Ramirez,Dan Haren,batter,8
1723,Marco Scutaro,Hideki Okajima,batter,3
1724,Mark Derosa,Jorge De La Rosa,batter,2
1725,Mark Ellis,David Aardsma,batter,3
1726,Mark Ellis,John Smoltz,batter,6
1727,Mark Kotsay,Brandon Morrow,batter,3
1728,Mark Melancon,Rod Barajas,pitcher,2
1729,Mark Reynolds,Ryan Franklin,batter,3
1730,Mark Teahen,Brad Penny,batter,3
1731,Mark Teahen,Carl Pavano,batter,3
1732,Mark Teahen,Koji Uehara,batter,2
1733,Mark Teahen,Vicente Padilla,batter,3
1734,Mark Teixeira,Dan Wheeler,batter,12
1735,Mark Teixeira,Michael Bowden,batter,3
1736,Marlon Byrd,Carl Pavano,batter,2
1737,Marlon Byrd,Hideki Okajima,batter,6
1738,Marlon Byrd,Jose Arredondo,batter,12
1739,Marlon Byrd,Koji Uehara,batter,6
1740,Martin Prado,Anibal Sanchez,batter,3
1741,Martin Prado,Edward Mujica,batter,3
1742,Martin Prado,Manny Parra,batter,12
1743,Matt Diaz,Anibal Sanchez,batter,3
1744,Matt Diaz,Nelson Figueroa,batter,1
1745,Matt Holliday,Hiroki Kuroda,batter,3
1746,Matt Holliday,Jose Valverde,batter,12
1747,Matt Holliday,Manny Parra,batter,3
1748,Matt Kemp,Brad Penny,batter,12
1749,Matt Kemp,Jorge De La Rosa,batter,9
1750,Matt Laporta,Frank Francisco,batter,12
1751,Matt Stairs,Brandon League,batter,3
1752,Matt Stairs,Brendan Donnelly,batter,2
1753,Matt Stairs,Jose Valverde,batter,2
1754,Matt Tolbert,Yasuhiko Yabuta,batter,6
1755,Matt Wieters,Hideki Okajima,batter,3
1756,Matt Wieters,John Smoltz,batter,3
1757,Melky Cabrera,Brad Penny,batter,3
1758,Melky Cabrera,Dan Wheeler,batter,3
1759,Melky Cabrera,Jonathan Papelbon,batter,3
1760,Melvin Mora,Brandon League,batter,6
1761,Micah Hoffpauir,Anibal Sanchez,batter,3
1762,Micah Hoffpauir,Brad Penny,batter,6
1763,Michael Aubrey,Brandon League,batter,3
1764,Michael Bourn,Braden Looper,batter,9
1765,Michael Bourn,Brendan Donnelly,batter,2
1766,Michael Bourn,Carlos Zambrano,batter,5
1767,Michael Bourn,Ricky Nolasco,batter,3
1768,Michael Bourn,Ryan Dempster,batter,6
1769,Michael Bowden,Adam Lind,pitcher,1
1770,Michael Bowden,Alex Gordon,pitcher,1
1771,Michael Bowden,Robinson Cano,pitcher,1
1772,Michael Bowden,Travis Snider,pitcher,1
1773,Michael Cuddyer,Braden Looper,batter,3
1774,Michael Cuddyer,Jose Arredondo,batter,3
1775,Michael Cuddyer,Manny Parra,batter,12
1776,Michael Young,Alfredo Aceves,batter,6
1777,Michael Young,Brad Penny,batter,3
1778,Michael Young,Carl Pavano,batter,3
1779,Michael Young,John Smoltz,batter,6
1780,Miguel Cabrera,Braden Looper,batter,12
1781,Miguel Cabrera,Freddy Garcia,batter,12
1782,Miguel Cabrera,Jose Arredondo,batter,6
1783,Miguel Cabrera,Jose Contreras,batter,6
1784,Miguel Montero,Braden Looper,batter,3
1785,Miguel Montero,Hiroki Kuroda,batter,6
1786,Miguel Montero,Joel Peralta,batter,6
1787,Miguel Montero,Nelson Figueroa,batter,3
1788,Miguel Montero,Ryan Dempster,batter,3
1789,Miguel Tejada,Ryan Dempster,batter,12
1790,Mike Cameron,Edward Mujica,batter,6
1791,Mike Fontenot,Bobby Parnell,batter,3
1792,Mike Fontenot,Brendan Donnelly,batter,2
1793,Mike Fontenot,Burke Badenhop,batter,6
1794,Mike Jacobs,David Aardsma,batter,3
1795,Mike Jacobs,Jose Valverde,batter,3
1796,Mike Jacobs,Koji Uehara,batter,3
1797,Mike Lowell,Yasuhiko Yabuta,batter,3
1798,Mike Pelfrey,Alex Romero,pitcher,1
1799,Mike Pelfrey,Cc Sabathia,pitcher,1
1800,Mike Pelfrey,Chris Coghlan,pitcher,4
1801,Mike Pelfrey,Cody Ross,pitcher,1
1802,Mike Pelfrey,Emilio Bonifacio,pitcher,1
1803,Mike Pelfrey,Garret Anderson,pitcher,6
1804,Mike Pelfrey,Jacoby Ellsbury,pitcher,1
1805,Mike Pelfrey,Jimmy Rollins,pitcher,1
1806,Mike Pelfrey,Johnny Damon,pitcher,2
1807,Mike Pelfrey,Melky Cabrera,pitcher,1
1808,Mike Pelfrey,Miguel Montero,pitcher,1
1809,Mike Pelfrey,Nate Mclouth,pitcher,1
1810,Mike Pelfrey,Nick Johnson,pitcher,1
1811,Mike Pelfrey,Nyjer Morgan,pitcher,1
1812,Mike Pelfrey,Shane Victorino,pitcher,2
1813,Mike Pelfrey,Travis Ishikawa,pitcher,2
1814,Milton Bradley,Braden Looper,batter,12
1815,Milton Bradley,Jose Valverde,batter,2
1816,Mitch Maier,Vicente Padilla,batter,2
1817,Nate Mclouth,Anibal Sanchez,batter,2
1818,Nate Mclouth,Kevin Gregg,batter,3
1819,Nate Mclouth,Nelson Figueroa,batter,1
1820,Nate Mclouth,Ryan Dempster,batter,6
1821,Nelson Cruz,Alfredo Simon,batter,12
1822,Nelson Cruz,Brandon Morrow,batter,2
1823,Nelson Cruz,Koji Uehara,batter,2
1824,Nelson Cruz,Randy Johnson,batter,3
1825,Nelson Figueroa,Adam Laroche,pitcher,2
1826,Nelson Figueroa,Chris Coghlan,pitcher,1
1827,Nelson Figueroa,Garret Anderson,pitcher,1
1828,Nelson Figueroa,Josh Bard,pitcher,1
1829,Nelson Figueroa,Mike Fontenot,pitcher,1
1830,Nelson Figueroa,Milton Bradley,pitcher,1
1831,Nelson Figueroa,Rick Ankiel,pitcher,1
1832,Nick Johnson,Carlos Zambrano,batter,2
1833,Nick Johnson,Jose Valverde,batter,3
1834,Nick Johnson,Manny Parra,batter,3
1835,Nick Markakis,Burke Badenhop,batter,3
1836,Nick Markakis,Mike Pelfrey,batter,12
1837,Nick Markakis,Vicente Padilla,batter,3
1838,Nick Masset,Adam Laroche,pitcher,1
1839,Nick Masset,Andre Ethier,pitcher,1
1840,Nick Masset,Aramis Ramirez,pitcher,6
1841,Nick Masset,Brandon Moss,pitcher,1
1842,Nick Masset,Carlos Gonzalez,pitcher,1
1843,Nick Masset,Chris Duncan,pitcher,1
1844,Nick Masset,Craig Counsell,pitcher,6
1845,Nick Masset,Geoff Blum,pitcher,2
1846,Nick Masset,J. j. Hardy,pitcher,1
1847,Nick Masset,Jimmy Rollins,pitcher,6
1848,Nick Masset,Lance Berkman,pitcher,6
1849,Nick Masset,Matt Stairs,pitcher,6
1850,Nick Masset,Milton Bradley,pitcher,12
1851,Nick Masset,Neil Walker,pitcher,6
1852,Nick Masset,Omar Quintanilla,pitcher,1
1853,Nick Masset,Pablo Sandoval,pitcher,2
1854,Nick Masset,Rafael Furcal,pitcher,1
1855,Nick Masset,Ryan Braun,pitcher,6
1856,Nick Masset,Ryan Theriot,pitcher,1
1857,Nick Masset,Skip Schumaker,pitcher,1
1858,Nick Masset,Todd Helton,pitcher,2
1859,Nick Masset,Willie Harris,pitcher,6
1860,Nick Punto,Yasuhiko Yabuta,batter,2
1861,Nick Stavinoha,Manny Parra,batter,9
1862,Nick Swisher,Carl Pavano,batter,3
1863,Nick Swisher,Hideki Okajima,batter,3
1864,Nick Swisher,Koji Uehara,batter,3
1865,Nolan Reimold,Hideki Okajima,batter,3
1866,Nolan Reimold,Jose Arredondo,batter,9
1867,Nolan Reimold,Jose Contreras,batter,1
1868,Nomar Garciaparra,John Smoltz,batter,3
1869,Nyjer Morgan,Braden Looper,batter,3
1870,Nyjer Morgan,Carlos Zambrano,batter,3
1871,Nyjer Morgan,Ricky Nolasco,batter,3
1872,Omar Infante,Jorge De La Rosa,batter,5
1873,Orlando Cabrera,Vicente Padilla,batter,3
1874,Orlando Hudson,Braden Looper,batter,5
1875,Orlando Hudson,Mike Pelfrey,batter,2
1876,Oscar Salazar,Jorge De La Rosa,batter,6
1877,Pablo Sandoval,Bobby Parnell,batter,3
1878,Pablo Sandoval,Dan Haren,batter,12
1879,Pablo Sandoval,Edward Mujica,batter,3
1880,Pablo Sandoval,Hiroki Kuroda,batter,3
1881,Pablo Sandoval,Jose Valverde,batter,6
1882,Pablo Sandoval,Ricky Nolasco,batter,3
1883,Pablo Sandoval,Ryan Dempster,batter,6
1884,Pat Burrell,Hideki Okajima,batter,6
1885,Paul Bako,Braden Looper,batter,12
1886,Paul Konerko,Carl Pavano,batter,3
1887,Paul Konerko,Hideki Okajima,batter,3
1888,Pedro Feliz,Brandon League,batter,6
1889,Pedro Feliz,Jorge De La Rosa,batter,12
1890,Pedro Feliz,Manny Parra,batter,6
1891,Pete Orr,John Smoltz,batter,3
1892,Placido Polanco,Brad Penny,batter,3
1893,Placido Polanco,Carl Pavano,batter,3
1894,Placido Polanco,Jose Arredondo,batter,3
1895,Placido Polanco,Jose Contreras,batter,6
1896,Placido Polanco,Kelvim Escobar,batter,3
1897,Prince Fielder,Carlos Zambrano,batter,3
1898,Prince Fielder,Edward Mujica,batter,6
1899,Prince Fielder,Hiroki Kuroda,batter,3
1900,Prince Fielder,John Smoltz,batter,12
1901,Prince Fielder,Nelson Figueroa,batter,2
1902,Prince Fielder,Ryan Dempster,batter,12
1903,Rafael Furcal,Edward Mujica,batter,3
1904,Rafael Furcal,Jorge De La Rosa,batter,5
1905,Rafael Furcal,Manny Parra,batter,3
1906,Rafael Furcal,Randy Johnson,batter,3
1907,Ramon Castro,Manny Parra,batter,3
1908,Ramon Hernandez,Braden Looper,batter,3
1909,Ramon Hernandez,Jose Contreras,batter,3
1910,Ramon Santiago,Hideki Okajima,batter,3
1911,Ramon Vazquez,Mike Pelfrey,batter,3
1912,Randy Johnson,Adam Kennedy,pitcher,1
1913,Randy Johnson,Alberto Gonzalez,pitcher,1
1914,Randy Johnson,Anderson Hernandez,pitcher,1
1915,Randy Johnson,Carlos Lee,pitcher,1
1916,Randy Johnson,Casey Blake,pitcher,1
1917,Randy Johnson,Chris Carpenter,pitcher,1
1918,Randy Johnson,Chris Snyder,pitcher,1
1919,Randy Johnson,Corey Hart,pitcher,1
1920,Randy Johnson,David Ross,pitcher,1
1921,Randy Johnson,David Wright,pitcher,1
1922,Randy Johnson,Elvis Andrus,pitcher,1
1923,Randy Johnson,Hanley Ramirez,pitcher,1
1924,Randy Johnson,Hunter Pence,pitcher,1
1925,Randy Johnson,Jason Kendall,pitcher,1
1926,Randy Johnson,Jeff Francoeur,pitcher,1
1927,Randy Johnson,Kazuo Matsui,pitcher,1
1928,Randy Johnson,Kurt Suzuki,pitcher,2
1929,Randy Johnson,Mark Derosa,pitcher,2
1930,Randy Johnson,Matt Holliday,pitcher,8
1931,Randy Johnson,Nelson Cruz,pitcher,1
1932,Randy Johnson,Orlando Cabrera,pitcher,1
1933,Randy Johnson,Rajai Davis,pitcher,2
1934,Randy Johnson,Ramon Castro,pitcher,1
1935,Randy Johnson,Rickie Weeks,pitcher,7
1936,Randy Johnson,Ronnie Belliard,pitcher,1
1937,Randy Johnson,Ronny Paulino,pitcher,1
1938,Randy Johnson,Ryan Ludwick,pitcher,1
1939,Randy Johnson,Ryan Zimmerman,pitcher,1
1940,Randy Johnson,Wes Helms,pitcher,2
1941,Randy Johnson,Wil Nieves,pitcher,1
1942,Randy Ruiz,Jose Arredondo,batter,2
1943,Randy Winn,Dan Haren,batter,6
1944,Randy Winn,Edward Mujica,batter,3
1945,Randy Winn,Jeff Samardzija,batter,3
1946,Randy Winn,Jorge De La Rosa,batter,3
1947,Raul Ibanez,Bobby Parnell,batter,3
1948,Raul Ibanez,Burke Badenhop,batter,12
1949,Raul Ibanez,Jeff Samardzija,batter,2
1950,Raul Ibanez,Jose Contreras,batter,2
1951,Raul Ibanez,Ricky Nolasco,batter,3
1952,Rich Harden,Braden Looper,batter,3
1953,Rick Ankiel,Carlos Zambrano,batter,3
1954,Rick Ankiel,Jose Valverde,batter,3
1955,Rick Ankiel,Tim Hudson,batter,3
1956,Ricky Nolasco,Adam Laroche,pitcher,1
1957,Ricky Nolasco,Adam Lind,pitcher,1
1958,Ricky Nolasco,Anderson Hernandez,pitcher,7
1959,Ricky Nolasco,Brandon Moss,pitcher,1
1960,Ricky Nolasco,Brian Mccann,pitcher,2
1961,Ricky Nolasco,Brian Schneider,pitcher,1
1962,Ricky Nolasco,Brooks Conrad,pitcher,6
1963,Ricky Nolasco,Bud Norris,pitcher,1
1964,Ricky Nolasco,Carlos Beltran,pitcher,6
1965,Ricky Nolasco,Chase Utley,pitcher,7
1966,Ricky Nolasco,Chipper Jones,pitcher,1
1967,Ricky Nolasco,Daniel Murphy,pitcher,7
1968,Ricky Nolasco,Darin Erstad,pitcher,1
1969,Ricky Nolasco,David Ortiz,pitcher,1
1970,Ricky Nolasco,David Wright,pitcher,6
1971,Ricky Nolasco,Emmanuel Burriss,pitcher,2
1972,Ricky Nolasco,Everth Cabrera,pitcher,1
1973,Ricky Nolasco,Fred Lewis,pitcher,1
1974,Ricky Nolasco,Garret Anderson,pitcher,2
1975,Ricky Nolasco,Garrett Jones,pitcher,1
1976,Ricky Nolasco,Geoff Blum,pitcher,12
1977,Ricky Nolasco,Gerardo Parra,pitcher,3
1978,Ricky Nolasco,Greg Dobbs,pitcher,2
1979,Ricky Nolasco,Greg Norton,pitcher,8
1980,Ricky Nolasco,J. d. Drew,pitcher,6
1981,Ricky Nolasco,Jacoby Ellsbury,pitcher,1
1982,Ricky Nolasco,Jason Jaramillo,pitcher,3
1983,Ricky Nolasco,Jeremy Reed,pitcher,1
1984,Ricky Nolasco,Jimmy Rollins,pitcher,1
1985,Ricky Nolasco,Josh Thole,pitcher,1
1986,Ricky Nolasco,Juan Francisco,pitcher,6
1987,Ricky Nolasco,Kazuo Matsui,pitcher,7
1988,Ricky Nolasco,Lance Berkman,pitcher,6
1989,Ricky Nolasco,Laynce Nix,pitcher,7
1990,Ricky Nolasco,Luis Castillo,pitcher,3
1991,Ricky Nolasco,Luke Scott,pitcher,6
1992,Ricky Nolasco,Mark Derosa,pitcher,6
1993,Ricky Nolasco,Matt Wieters,pitcher,12
1994,Ricky Nolasco,Micah Hoffpauir,pitcher,1
1995,Ricky Nolasco,Michael Bourn,pitcher,1
1996,Ricky Nolasco,Miguel Montero,pitcher,6
1997,Ricky Nolasco,Mike Fontenot,pitcher,1
1998,Ricky Nolasco,Milton Bradley,pitcher,1
1999,Ricky Nolasco,Nate Mclouth,pitcher,1
2000,Ricky Nolasco,Nick Johnson,pitcher,7
2001,Ricky Nolasco,Nyjer Morgan,pitcher,1
2002,Ricky Nolasco,Paul Janish,pitcher,1
2003,Ricky Nolasco,Prince Fielder,pitcher,1
2004,Ricky Nolasco,Randy Winn,pitcher,6
2005,Ricky Nolasco,Ryan Church,pitcher,1
2006,Ricky Nolasco,Ryan Howard,pitcher,6
2007,Ricky Nolasco,Sam Fuld,pitcher,1
2008,Ricky Nolasco,Skip Schumaker,pitcher,2
2009,Ricky Nolasco,Tim Redding,pitcher,1
2010,Ricky Nolasco,Tony Gwynn,pitcher,1
2011,Ricky Nolasco,Yunel Escobar,pitcher,6
2012,Robinson Cano,John Smoltz,batter,2
2013,Robinson Cano,Koji Uehara,batter,9
2014,Robinson Cano,Warner Madrigal,batter,3
2015,Robinzon Diaz,Jorge De La Rosa,batter,3
2016,Rod Barajas,Jose Contreras,batter,6
2017,Ronnie Belliard,Brad Penny,batter,12
2018,Ronnie Belliard,Manny Parra,batter,3
2019,Ronny Paulino,Jorge De La Rosa,batter,3
2020,Ross Gload,Nick Masset,batter,3
2021,Russell Branyan,Hideki Okajima,batter,6
2022,Russell Branyan,Vicente Padilla,batter,3
2023,Russell Martin,Joel Peralta,batter,3
2024,Ryan Braun,Anibal Sanchez,batter,2
2025,Ryan Braun,Hiroki Kuroda,batter,3
2026,Ryan Braun,Jeff Samardzija,batter,3
2027,Ryan Braun,Jorge De La Rosa,batter,2
2028,Ryan Braun,Randy Johnson,batter,6
2029,Ryan Church,Anibal Sanchez,batter,6
2030,Ryan Church,Bobby Parnell,batter,6
2031,Ryan Church,Braden Looper,batter,3
2032,Ryan Church,Burke Badenhop,batter,6
2033,Ryan Dempster,A. j. Pierzynski,pitcher,1
2034,Ryan Dempster,Aaron Rowand,pitcher,6
2035,Ryan Dempster,Adrian Gonzalez,pitcher,1
2036,Ryan Dempster,Albert Pujols,pitcher,2
2037,Ryan Dempster,Andre Ethier,pitcher,2
2038,Ryan Dempster,Andy Laroche,pitcher,6
2039,Ryan Dempster,Ben Francisco,pitcher,6
2040,Ryan Dempster,Bengie Molina,pitcher,7
2041,Ryan Dempster,Brandon Moss,pitcher,6
2042,Ryan Dempster,Brandon Phillips,pitcher,6
2043,Ryan Dempster,Brendan Ryan,pitcher,1
2044,Ryan Dempster,Brian Mccann,pitcher,7
2045,Ryan Dempster,Brian Schneider,pitcher,6
2046,Ryan Dempster,Carlos Quentin,pitcher,6
2047,Ryan Dempster,Casey Kotchman,pitcher,2
2048,Ryan Dempster,Casey Mcgehee,pitcher,1
2049,Ryan Dempster,Chad Tracy,pitcher,2
2050,Ryan Dempster,Chase Headley,pitcher,13
2051,Ryan Dempster,Chase Utley,pitcher,1
2052,Ryan Dempster,Chris Duffy,pitcher,14
2053,Ryan Dempster,Chris Duncan,pitcher,7
2054,Ryan Dempster,Cliff Lee,pitcher,6
2055,Ryan Dempster,Colby Rasmus,pitcher,9
2056,Ryan Dempster,Daniel Murphy,pitcher,1
2057,Ryan Dempster,Darin Erstad,pitcher,1
2058,Ryan Dempster,Eugenio Velez,pitcher,12
2059,Ryan Dempster,Everth Cabrera,pitcher,6
2060,Ryan Dempster,Felipe Lopez,pitcher,2
2061,Ryan Dempster,Frank Catalanotto,pitcher,1
2062,Ryan Dempster,Fred Lewis,pitcher,1
2063,Ryan Dempster,Garrett Jones,pitcher,7
2064,Ryan Dempster,Geoff Blum,pitcher,2
2065,Ryan Dempster,Gordon Beckham,pitcher,1
2066,Ryan Dempster,Jay Bruce,pitcher,6
2067,Ryan Dempster,Jeremy Hermida,pitcher,7
2068,Ryan Dempster,Jim Thome,pitcher,2
2069,Ryan Dempster,Jody Gerut,pitcher,1
2070,Ryan Dempster,Juan Pierre,pitcher,1
2071,Ryan Dempster,Khalil Greene,pitcher,6
2072,Ryan Dempster,Lance Berkman,pitcher,1
2073,Ryan Dempster,Lastings Milledge,pitcher,6
2074,Ryan Dempster,Luis Rodriguez,pitcher,6
2075,Ryan Dempster,Matt Holliday,pitcher,6
2076,Ryan Dempster,Michael Bourn,pitcher,7
2077,Ryan Dempster,Miguel Tejada,pitcher,2
2078,Ryan Dempster,Nate Mclouth,pitcher,8
2079,Ryan Dempster,Nyjer Morgan,pitcher,7
2080,Ryan Dempster,Pablo Sandoval,pitcher,7
2081,Ryan Dempster,Paul Bako,pitcher,6
2082,Ryan Dempster,Prince Fielder,pitcher,6
2083,Ryan Dempster,Rafael Furcal,pitcher,1
2084,Ryan Dempster,Randy Winn,pitcher,7
2085,Ryan Dempster,Rick Ankiel,pitcher,7
2086,Ryan Dempster,Ryan Ludwick,pitcher,12
2087,Ryan Dempster,Scott Podsednik,pitcher,6
2088,Ryan Dempster,Yadier Molina,pitcher,1
2089,Ryan Doumit,Carlos Zambrano,batter,5
2090,Ryan Doumit,Ryan Franklin,batter,3
2091,Ryan Franklin,Aaron Miles,pitcher,6
2092,Ryan Franklin,Brandon Moss,pitcher,6
2093,Ryan Franklin,Delwyn Young,pitcher,1
2094,Ryan Franklin,Derrek Lee,pitcher,1
2095,Ryan Franklin,Jay Bruce,pitcher,1
2096,Ryan Franklin,Luis Castillo,pitcher,6
2097,Ryan Franklin,Miguel Olivo,pitcher,6
2098,Ryan Franklin,Orlando Hudson,pitcher,1
2099,Ryan Franklin,Rafael Furcal,pitcher,1
2100,Ryan Franklin,Ramon Vazquez,pitcher,1
2101,Ryan Garko,Brandon League,batter,1
2102,Ryan Garko,Jorge De La Rosa,batter,12
2103,Ryan Howard,Brad Penny,batter,3
2104,Ryan Howard,Braden Looper,batter,5
2105,Ryan Howard,Burke Badenhop,batter,3
2106,Ryan Howard,Edward Mujica,batter,2
2107,Ryan Howard,Jeff Samardzija,batter,2
2108,Ryan Howard,Mike Pelfrey,batter,3
2109,Ryan Langerhans,Warner Madrigal,batter,3
2110,Ryan Ludwick,Braden Looper,batter,6
2111,Ryan Ludwick,Dan Haren,batter,3
2112,Ryan Ludwick,Jorge De La Rosa,batter,2
2113,Ryan Ludwick,Manny Parra,batter,3
2114,Ryan Ludwick,Randy Johnson,batter,9
2115,Ryan Roberts,Jorge De La Rosa,batter,3
2116,Ryan Rohlinger,Dan Haren,batter,6
2117,Ryan Spilborghs,Dan Haren,batter,6
2118,Ryan Sweeney,Daisuke Matsuzaka,batter,3
2119,Ryan Sweeney,Hideki Okajima,batter,3
2120,Ryan Sweeney,Warner Madrigal,batter,3
2121,Ryan Theriot,Braden Looper,batter,2
2122,Ryan Zimmerman,Brad Penny,batter,3
2123,Ryan Zimmerman,Dan Haren,batter,3
2124,Ryan Zimmerman,Edward Mujica,batter,3
2125,Ryan Zimmerman,Koji Uehara,batter,5
2126,Ryan Zimmerman,Manny Parra,batter,18
2127,Ryan Zimmerman,Ricky Nolasco,batter,3
2128,Sam Fuld,Edward Mujica,batter,3
2129,Scott Hairston,Jorge De La Rosa,batter,15
2130,Scott Podsednik,David Aardsma,batter,3
2131,Scott Podsednik,Ryan Dempster,batter,12
2132,Scott Rolen,Hideki Okajima,batter,6
2133,Seth Smith,Edward Mujica,batter,6
2134,Seth Smith,Mike Pelfrey,batter,6
2135,Seth Smith,Ryan Dempster,batter,3
2136,Shane Victorino,Burke Badenhop,batter,2
2137,Shane Victorino,Manny Parra,batter,3
2138,Shane Victorino,Nelson Figueroa,batter,3
2139,Shane Victorino,Ryan Dempster,batter,9
2140,Shin-soo Choo,Kevin Gregg,batter,2
2141,Skip Schumaker,Carlos Zambrano,batter,2
2142,Skip Schumaker,Manny Parra,batter,3
2143,Skip Schumaker,Ryan Dempster,batter,3
2144,Skip Schumaker,Wilton Lopez,batter,3
2145,Stephen Drew,Brad Penny,batter,3
2146,Stephen Drew,Braden Looper,batter,3
2147,Stephen Drew,Brendan Donnelly,batter,3
2148,Stephen Drew,Edward Mujica,batter,6
2149,Stephen Drew,Hiroki Kuroda,batter,3
2150,Stephen Drew,Wilton Lopez,batter,3
2151,Taylor Teagarden,Hiroki Kuroda,batter,6
2152,Tim Hudson,Adam Rosales,pitcher,1
2153,Tim Hudson,Alberto Gonzalez,pitcher,1
2154,Tim Hudson,Anderson Hernandez,pitcher,1
2155,Tim Hudson,Brandon Phillips,pitcher,1
2156,Tim Hudson,Cody Ross,pitcher,1
2157,Tim Hudson,Corky Miller,pitcher,1
2158,Tim Hudson,Daniel Murphy,pitcher,1
2159,Tim Hudson,Hanley Ramirez,pitcher,6
2160,Tim Hudson,Ian Desmond,pitcher,1
2161,Tim Hudson,Jeff Francoeur,pitcher,6
2162,Tim Hudson,Joey Votto,pitcher,6
2163,Tim Hudson,John Baker,pitcher,1
2164,Tim Hudson,Justin Maxwell,pitcher,6
2165,Tim Hudson,Pete Orr,pitcher,1
2166,Tim Hudson,Raul Ibanez,pitcher,7
2167,Tim Hudson,Ross Gload,pitcher,1
2168,Tim Hudson,Scott Rolen,pitcher,6
2169,Todd Helton,Brandon Morrow,batter,6
2170,Todd Helton,Edward Mujica,batter,3
2171,Todd Helton,Vicente Padilla,batter,3
2172,Tommy Everidge,Jose Contreras,batter,1
2173,Tony Clark,Vicente Padilla,batter,2
2174,Tony Gwynn,Braden Looper,batter,3
2175,Tony Gwynn,John Smoltz,batter,3
2176,Tony Pena,Carl Pavano,batter,6
2177,Torii Hunter,Kevin Millwood,batter,2
2178,Torii Hunter,Koji Uehara,batter,3
2179,Travis Hafner,Vicente Padilla,batter,3
2180,Travis Snider,Brad Penny,batter,3
2181,Travis Snider,Jose Contreras,batter,3
2182,Trevor Crowe,Jose Contreras,batter,2
2183,Troy Tulowitzki,Manny Parra,batter,3
2184,Troy Tulowitzki,Randy Johnson,batter,3
2185,Ty Wigginton,Jose Arredondo,batter,3
2186,Ty Wigginton,Vicente Padilla,batter,3
2187,Tyler Greene,Jorge De La Rosa,batter,2
2188,Ubaldo Jimenez,Ryan Howard,pitcher,2
2189,Vernon Wells,Carl Pavano,batter,3
2190,Vernon Wells,Guillermo Moscoso,batter,6
2191,Vernon Wells,Mark Melancon,batter,3
2192,Vicente Padilla,Billy Butler,pitcher,6
2193,Vicente Padilla,Carlos Gonzalez,pitcher,1
2194,Vicente Padilla,Cesar Izturis,pitcher,1
2195,Vicente Padilla,Chad Tracy,pitcher,1
2196,Vicente Padilla,Chone Figgins,pitcher,2
2197,Vicente Padilla,Gary Matthews,pitcher,1
2198,Vicente Padilla,Jack Cust,pitcher,1
2199,Vicente Padilla,Justin Morneau,pitcher,6
2200,Vicente Padilla,Kendrys Morales,pitcher,6
2201,Vicente Padilla,Kurt Suzuki,pitcher,1
2202,Vicente Padilla,Landon Powell,pitcher,1
2203,Vicente Padilla,Miguel Montero,pitcher,1
2204,Vicente Padilla,Rajai Davis,pitcher,1
2205,Vicente Padilla,Russell Branyan,pitcher,6
2206,Vicente Padilla,Travis Buck,pitcher,7
2207,Victor Marte,Jacoby Ellsbury,pitcher,1
2208,Victor Marte,Joe Mauer,pitcher,6
2209,Victor Marte,Kendrys Morales,pitcher,1
2210,Victor Marte,Matt Tolbert,pitcher,1
2211,Victor Marte,Nick Punto,pitcher,1
2212,Warner Madrigal,Alex Rodriguez,pitcher,1
2213,Warner Madrigal,Daric Barton,pitcher,1
2214,Warner Madrigal,Franklin Gutierrez,pitcher,2
2215,Warner Madrigal,Jack Cust,pitcher,6
2216,Warner Madrigal,Ken Griffey,pitcher,1
2217,Warner Madrigal,Magglio Ordonez,pitcher,1
2218,Warner Madrigal,Mark Ellis,pitcher,1
2219,Warner Madrigal,Mark Teixeira,pitcher,1
2220,Warner Madrigal,Rajai Davis,pitcher,6
2221,Warner Madrigal,Scott Hairston,pitcher,1
2222,Wes Helms,Jose Valverde,batter,1
2223,Wilkin Ramirez,Yasuhiko Yabuta,batter,3
2224,Will Venable,Brandon Morrow,batter,3
2225,Will Venable,Ryan Dempster,batter,3
2226,Willie Bloomquist,Brad Penny,batter,3
2227,Willie Bloomquist,Freddy Garcia,batter,3
2228,Willie Bloomquist,Jose Contreras,batter,3
2229,Willie Bloomquist,Koji Uehara,batter,3
2230,Willie Harris,Anibal Sanchez,batter,2
2231,Willie Harris,Burke Badenhop,batter,3
2232,Willy Aybar,Brandon League,batter,3
2233,Wilton Lopez,Alex Romero,pitcher,6
2234,Wilton Lopez,Anderson Hernandez,pitcher,2
2235,Wilton Lopez,Carlos Beltran,pitcher,1
2236,Wilton Lopez,Chase Utley,pitcher,1
2237,Wilton Lopez,Gerardo Parra,pitcher,6
2238,Wilton Lopez,Jay Bruce,pitcher,6
2239,Wilton Lopez,Juan Francisco,pitcher,1
2240,Wilton Lopez,Stephen Drew,pitcher,1
2241,Wladimir Balentien,Edward Mujica,batter,3
2242,Wladimir Balentien,Vicente Padilla,batter,3
2243,Yadier Molina,Randy Johnson,batter,2
2244,Yasuhiko Yabuta,Casey Kotchman,pitcher,6
2245,Yasuhiko Yabuta,Daric Barton,pitcher,1
2246,Yasuhiko Yabuta,David Ortiz,pitcher,1
2247,Yasuhiko Yabuta,Jacoby Ellsbury,pitcher,6
2248,Yasuhiko Yabuta,Joe Mauer,pitcher,1
2249,Yasuhiko Yabuta,Kendrys Morales,pitcher,6
2250,Yasuhiko Yabuta,Maicer Izturis,pitcher,1
2251,Yasuhiko Yabuta,Miguel Cabrera,pitcher,1
2252,Yasuhiko Yabuta,Tyler Flowers,pitcher,6
2253,Yasuhiko Yabuta,Vladimir Guerrero,pitcher,1
2254,Yorvit Torrealba,Randy Johnson,batter,12
2255,Yunel Escobar,Brendan Donnelly,batter,3
2256,Yunel Escobar,Joel Peralta,batter,1
2257,Yunel Escobar,Manny Parra,batter,6
